question_translated,answer_translated
شرح مصطلحات الذكاء الاصطناعي (AI)، التعلم الآلي (ML) والتعلم العميق؟,الذكاء الاصطناعي (AI) هو مجال إنتاج الآلات الذكية.ML يشير إلى النظم التي يمكنها أن تمتص من التجربة (بيانات التدريب) و Dep Engearning (DL) systems
ما هي الأنواع المختلفة لنماذج التدريب على التعلم في ML؟,يمكن تصنيف خوارزميات ML في المقام الأول تبعاً لوجود عدم وجود المتغيرات المستهدفة.
ما هو الفرق الرئيسي الرئيسي بين التعلم تحت الإشراف وغير المنظم للآلات؟,هناك وسائل مختلفة لاختيار المتغيرات الهامة من مجموعة بيانات تضم ما يلي
هناك العديد من خوارزميات التعلم الآلي حتى الآن.إذا تم إعطاء مجموعة بيانات، كيف يمكن للمرء أن يحدد أي خوارزميات تستخدم لذلك؟,تعتمد خوارزمية التعلم الآلي على مجرد نوع البيانات الموجودة في مجموعة بيانات معطاة.إذا كانت البيانات خطية آنذاك، فإننا نستعمل التراجع الخطي.إذا ما أظهرت البيانات عدم الخطي آنذاك، فإن خوارزمية الكيس
هل تذكر الاختلافات بين السببية والارتباط؟,وينطبق السببية على الحالات التي يتسبب فيها إجراء واحد، مثلاً X، في نتيجة، فنقل Y، في حين أن Correlation يرتبط إجراء واحد فقط(X) بعمل آخر (Y) ولكن X لا يسبب بالضرورة حرف Y
فننظر إلى برمجيات التعلم الآلي طوال الوقت تقريباً.كيف نطبق التعلم الآلي على الأجهزة الصلبة؟,علينا بناء خوارزميات ML في System Verilog التي هي لغة لتطوير الأجهزة الصلبة ثم برمجتها على جهاز FPGA لتطبيق التعلم الآلي على الأجهزة.
شرح ترميز Onehot و ترميز لاپل Label Encoding.كيف يؤثران على البعد في مجموعة البيانات المعطاة.,ترميز واحد Honehot encoding هو تمثيل المتغيرات القطعية كم متجهات ثنائية.يقوم لاپل إنكودونگ بتحويل المسميات إلى صيغة numeric.يؤدي استخدام ترميز واحد
ما هي پياس، پترارك وما تعني بپياس ڤاريانس Tradoff؟,وكلاهما خطأ في علم التعلم الآلي Algorithms.عندما تمتلك الخوارزمية مرونة محدودة لاستنتاج الملاحظة الصحيحة من مجموعة البيانات، فإنها تؤدي إلى انحياز.من ناحية أخرى، يحدث الاختلاف عندما يكون النموذج شديد
كيف يمكننا ربط الانحراف والاختلاف القياسيين؟,الانحراف المعياري يشير إلى انتشار بياناتك من المتوسط.الفارق هو متوسط الدرجة التي تختلف بها كل نقطة عن المتوسط أي متوسط جميع نقاط البيانات.بإمكاننا ربط الانحراف المعياري والتفاضل لكونه الجذر التربيعي للت
يتم إعطاء مجموعة بيانات لك ولها قيم مفقودة تنتشر على امتداد 1 انحراف قياسي من المتوسط.كم عدد البيانات التي ستبقى غير ممسوسة؟,يُنظر إلى أن البيانات تنتشر عبر المتوسط that is the data is expulated by a an an diveral. وبالتالي، يمكننا أن نفترض أنها توزيع عادي.
هل وجود اختلاف كبير في البيانات جيد أم سيء؟,يعني الاختلاف الأعلى مباشرة أن انتشار البيانات كبير والسمة لها مجموعة متنوعة من البيانات.عادة ما ينظر إلى التباين العالي في خاصية ما على أنه ليس بالجودة الجيدة.
وإذا كانت مجموعة بياناتك تعاني من تباين كبير، فكيف ستتعامل معه؟,بالنسبة لمجموعات البيانات ذات التباين العالي، يمكننا استخدام خوارزمية الكيس للتعامل معه.إن خوارزمية batging تقسم البيانات إلى مجموعات فرعية مع أخذ عينات مقلدة من البيانات العشوائية.بعد انقسام البيانات
يتم إعطاء مجموعة بيانات لك عن كشف واحتيال المرافق.لقد بنيت نموذج أكثر تصنيفاً وحققت درجة أداء 98.5.هل يعتبر هذا طرازاً جيداً؟ إذا كان الرد بنعم، فأبرر.إن لم يكن,إن مجموعة البيانات الخاصة بكشف الغش في المرافق غير متوازنة بما فيه الكفاية أي غير متوازنة، ففي مثل هذه المجموعة من البيانات لا يمكن أن تكون درجة الدقة مقياس الأداء كما قد تكون تتنبأ فقط بتسمية فئة الأغلبية بشكل صحيح ولكن في هذه الحالة
شرح التعامل مع القيم المفقودة أو الفاسد في مجموعة البيانات المعطاة.,وهناك طريقة سهلة للتعامل مع القيم الناقصة أو القيم الفاسد هي إسقاط الصفوف أو الأعمدة المقابلة.إذا كان هناك العديد جداً من الصفوف أو الأعمدة التي يمكن إسقاطها
ما هي سلسلة الزمن؟,سلسلة الزمن هو تسلسل لنقاط البيانات العددية بالترتيب التتابعي.يتتبع حركة نقاط البيانات المختارة، على مدى فترة زمنية محددة ويسجل نقاط البيانات على فترات منتظمة.التسلسل الزمني لا يتطلب أي حد أدنى أو أقصى إدخال زمني.
ما هو تحول بوكس‌كوكس؟,تحويل بوكس‌كوكس BoxCox transvelopation هو تحويل قوة يقوم بتحويل المتغيرات غير العادية التابعة إلى متغيرات طبيعية حيث أن الوضع الطبيعي هو أكثر الافتراضات شيوعاً والتي يتم القيام بها أثناء استخدام العديد
ما هي مشكلة متدرجات الاندفاع أثناء استخدام تقنية الانتشار الخلفية؟,عندما تتراكم متدرجات الخطأ الكبيرة وتنتج عنها تغيرات كبيرة في أوزان الشبكة العصبية أثناء التدريب، تسمى مشكلة متدرجات الانكشارية.يمكن أن تصبح قيم الترجيحات كبيرة لدرجة أن تفرط في التدفق وتنتج
شرح الاختلافات بين غابات راندوم وآلات گرادنت پوستنگ.,مصفوفة الانشطار (وتسمى أيضاً مصفوفة الخطأ) هي جدول يستخدم بكثرة لتوضيح أداء نموذج التصنيف أي مصنف على مجموعة من بيانات الاختبار التي تشتهر بها القيم الحقيقية.
ما هي مصفوفة التباس ولِما تحتاج إليها؟,مصفوفة الانشطار (وتسمى أيضاً مصفوفة الخطأ) هي جدول يستخدم بكثرة لتوضيح أداء نموذج التصنيف أي مصنف على مجموعة من بيانات الاختبار التي تشتهر بها القيم الحقيقية.
ما هو تحويل فورييه؟,تحويل فورييه Fourier Provention، هو تقنية رياضية تحول أي دالة زمنية إلى دالة للتردد.يرتبط تحويل فورييه بشكل وثيق بسلسلة فورييه.يستغرق أي نمط زمني للدخول ويحس
ماذا تعني بـ «التعدين» Associative rule mining (ARM).,تعدين الحكم الجماعي Associative Role Mineing، هو أحد تقنيات اكتشاف الأنماط في البيانات مثل الملامح (dimmensions) التي تحدث معاً والملامح (dimmensions
ما هي الهاگنالية؟ تفسير العملية.,إن الهامش يضخم احتمال متغير عشوائي X نظرا لتوزيع الاحتمال المشترك X مع متغيرات أخرى.وهو تطبيق لقانون الاحتمال الكلي.
شرح عبارة «لـِرِكـّة المنطق»؟,يشير اللعنة Permality إلى الوضع الذي تمتلك فيه بياناتك الكثير من الملامح.
لماذا يكون دوران المكونات بهذه الأهمية في تحليل العناصر الرئيسية (PCA؟).,الدوران في PCP له أهمية كبيرة حيث أنه يزيد إلى أقصى حد من الفصل داخل الفرق الذي يتم الحصول عليه من قبل جميع المكونات بسببه سيصبح تفسير المكونات أكثر سهولة.إذا لم يتم دوران المكونات، إذن فنحن بحاجة إلى مكونات موسعة
شرح الاختلاف بين التطبيع والتوحيد.,التطبيع والتوحيد هما الطريقةان الشائعتان جداً المستخدمتان لمقياس السمات.
ما هو تراجع لينار؟,يمكن تعريف الوظيفة الخطية على أنها دالة الرياضيات على طائرة 2D كما، Y Mx C، حيث Y هو متغير معتمد و X هو Independent Varible، C هو Intercept و M
ما الذي يمكن أن تكون عليه المسألة عندما تختلف قيمة بيتا لمتغير معين بشكل كبير في كل مجموعة فرعية عندما تدار التراجعية على مجموعات فرعية مختلفة من مجموعة البيانات المعطاة؟,ڤارياتس في قيم بيتا في كل مجموعة فرعية تعني ضمناً أن مجموعة البيانات هي غير متجانسة.للتغلب على هذه المشكلة، يمكننا استخدام نموذج مختلف لكل مجموعة بيانات المجموعات الفرعية العنقودية أو نموذج غير متسلسل مثل أشجار القرار
ماذا يعني مصطلح «عامل التضخم»؟,عامل التضخم في ڤاريشن Variation Tempigation Factor (VIF) هو نسبة تغير النماذج إلى اختلاف النماذج مع متغير واحد مستقل فقط.يعطي VIF تقدير حجم متعدد الألوان في مجموعة من
ما هو كرنل تريك في SVM Algorithm؟,كرنل تريك هو دالة رياضية يمكنها عند تطبيقها على نقاط البيانات أن تجد منطقة التصنيف بين طبقتين مختلفتين.بناءاً على اختيار الاقتران، سواء خطي أو مستشرق، والذي يعتمد فقط على توزيع البيانات، يمكن
كيف تتعامل مع outlieres في البيانات؟,outlier هي ملاحظة في مجموعة البيانات تبعد كثيراً عن عمليات الرصد الأخرى في مجموعة البيانات.نستطيع أن نكتشف outliers باستخدام أدوات ووظائف مثل حبكة المربعات، مؤامرة التشتت، ZScore،
هل تذكر حدود پلاسيپس پلاسيڤي؟,لا تعني قابلية الفصل الخطي في الفضاء الخاصية إمكانية الفصل الخطي في الفراغ الدخيل.. لذلك، فالمدخلات تتحول بشكل غير خطي باستخدام متجهات من الوظائف الأساسية مع زيادة البعدية.
تعريف وشرح مفهوم پياس المتحور مع بعض الأمثلة.,پياس المتحرِّك Inductive Bias هي مجموعة من الافتراضات التي يستخدمها الإنسان لتوقع المخرجات نظراً لمدخلات لم تقابلها خوارزمية التعلم بعد.وعند محاولتنا لتعلم
شرح مصطلح التعلم على أساس الحالة.؟,التعلم الأمثل هو مجموعة من الإجراءات للتراجع والتصنيف التي تنتج تنبؤاً بتسمية صنفياً اعتماداً على تشابه لأقرب جيرانها في مجموعة بيانات التدريب.تجمع هذه الخوارزميات فقط جميع البيانات وتحصل
تعريف الدقة والتذكر وF1 Score؟,المتري المستخدم للوصول إلى أداء نموذج التصنيف هو Confult Metric.يمكن زيادة تفسير confult Metric مع المصطلحات التالية
درجة التثبت من الپلوت ودرجة التدريب مع حجم مجموعة البيانات على xaxis ومؤامرة أخرى مع تعقيد النموذج على xaxis.,بالنسبة للتحيز العالي في النماذج، فإن أداء النموذج على مجموعة بيانات المصادقة يشبه الأداء على مجموعة بيانات التدريب.لللفارق العالي في النماذج، أداء النموذج على مجموعة المصادقة أسوأ من الأداء على مجموعة التدريبات.
ما هي پايز ثيورم؟ الدولة على الأقل 1 حالة استخدام فيما يتعلق بوسط التعلم الآلي؟,يصف پايز ثيوريم احتمال وقوع حدث، بناء على معرفة مسبقة لظروف قد تكون مرتبطة بالحدث.على سبيل المثال، إذا كان السرطان متعلقاً بالعمر، ثم، باستخدام نظرية بايز، يمكن استخدام عمر الأشخاص لتقييم
ما هو نايڤ پايز؟ لماذا نايڤ؟,نايڤ پايز Nayive Bayes classificativeers هي سلسلة من خوارزميات التصنيف التي تقوم على نظرية بايز.تتشارك هذه العائلة من الخوارزميات مبدأ شائع
شرح كيفية عمل نايڤ پايز Classifier.,النواڤ Bayes classificers هم عائلة خوارزمية مشتقة من نظرية الاحتمال Bayes، وتعمل على فرضية أساسية وهي أن كل مجموعة من مميزات يتم تصنيفها مستقلة عن بعضها البعض وكل
ماذا تعني مصطلحات الاحتمالية المسبقة والاحتمالات الهامشية في سياق نظرية نايڤ بايز؟,الاحتمالية المسبقة هي النسبة المئوية للمتغيرات الثنائية التابعة في مجموعة البيانات.إذا تم إعطاءك مجموعة بيانات ومتغير معتمد إما 1 أو 0 ونسبة 1 هي 65 ونسبة 0 هي 35.بعد ذلك، فإن احتمال أن أي مدخل جديد
شرح الاختلاف بين لاسو وريدج؟,لاسو (L1) وريدج (L2) هي تقنيات الانتظام حيث نعاقب المعامل للعثور على المحلول الأمثل.في ريدج، تُعرَّف دالة الجزاء بمجموع مربعات المعامل
ما هو الاختلاف بين الاحتمال والاحتمالات؟,الاحتمال هو قياس احتمال وقوع حدث ما أي، ما هو اليقين بأن حدثاً معيناً سيحدث؟ في حين أن دالة الاحتمال هي دالة پارامترات داخل فضاء الپارامترات تصف احتمال الحصول على البيانات الملاحظة.
لماذا پرون شگرك؟,في سياق علم البيانات أو AIML، يشير التشفير إلى عملية تقليل الفروع الزائدة عن الحاجة لشجرة القرار، فشجر القرار عرضة للتصنيع المفرط، كما يساعد تشمير الشجرة على تقليل الحجم وتدنية
دقة النموذج أو الأداء النموذجي؟ أي واحد سوف تفضل لماذا؟,هذا سؤال حيل، ينبغي على المرء أولاً أن يحصل على فكرة واضحة، ما هو الأداء النموذجي؟ إذا كان الأداء يعني السرعة، فإنه يعتمد على طبيعة التطبيق، فإن أي تطبيق يتعلق بسيناريو الزمن الحقيقي سيحتاج إلى سرعة عالية كس
قائمة مزايا وحدود طريقة تعلم الاختلاف الزمني.؟,أسلوب التعلم المؤقت هو مزيج من طريقة مونت كارلو وأسلوب البرمجة الديناميكي، بعض مزايا هذه الطريقة تشمل
كيف ستتعامل مع مجموعة بيانات غير متوازنة؟,يمكن لتقنيات أخذ العينات أن تساعد مع مجموعة بيانات غير متوازنة.هناك طريقتان لأداء عملية أخذ العينات، تحت العينة أو Over ampling.
ذكر بعض تقنيات EMDA؟,يساعد تحليل البيانات المستكشفة (EDA) المحللين على فهم البيانات بشكل أفضل ويشكل أساس نماذج أفضل.
يذكر لماذا تعتبر هندسة الميزات مهمة في عمارة الأزياء ويسرد بعض التقنيات المستخدمة لهندسة الميزات.,يحتم ألگوريثم Algorithms وجود مميزات ذات بعض الخصائص المحددة لتعمل بشكل مناسب، فالبيانات في البداية في شكل خام، تحتاج إلى استخلاص ملامح من هذه البيانات قبل إمداد الخوارزمية
اختلاف بين النمذجة الإحصائية وتعلم الآلات؟,نماذج التعلم الآلي هي عن إجراء تنبؤات دقيقة حول الحالات، مثل ڤوت ڤال في المطاعم، وستوكپريس، وغيرها في حين أن النماذج الإحصائية مصممة للكشف عن العلاقات بين المتغيرات، كما أن ما يقود المبيعات في مطعم
اختلاف بين پوستينگ و پاتنگ؟,البكتات والپوستنگ هي تنويعات من تقانات إنسيمبل.
ما هي أهمية گاما والانتظام في SVM؟,تعرڤ گاما التأثير.القيم المنخفضة تعني القيم البعيدة والراقية وتعني المقربة.إذا كانت گاما كبيرة للغاية، فإن نصف قطر منطقة تأثير متجهات الدعم لا يشمل سوى متجه الدعم نفسه ولا يمكن لأي
تعريف عمل منحنى ROC؟,يُعرف التمثيل البياني للتناقض بين المعدلات الإيجابية الحقيقية والمعدل الموجبة الكاذبة عند مختلف الدويلات باسم منحنى ROC.يستخدم كبديل للمفاضلة بين الموجبة الحقيقية مقابل الموجبة الزائفة.
ما هو الاختلاف بين نموذج الأنساب والمسكرات؟,ويتعلم النموذج الجيني الفئات المختلفة من البيانات، أما النموذج الجامح فلن يتعلم إلا التمييز بين الفئات المختلفة من البيانات، أما النماذج الجامدة فتؤدي أداءً أفضل بكثير من النماذج الجينيّة عندما يتعلق الأمر بمهام التصنيف.
ما هي الپارامترات الفائقة وكيف تختلف عن الپارامترات؟,پارامتر هو متغير داخلي للنموذج والذي تقدر قيمته من بيانات التدريب.غالباً ما يتم حفظها كجزء من النموذج المتعلم.المثالات تتضمن الأوزان، التحيزات وغيرها.
ما الذي يحطم مجموعة من النقاط؟ شرح بعد ڤي سي.,لكسر تشكيل معين من النقاط، يجب أن يتمكن المصنف من، لجميع الانتدابات المحتملة من الموجبة والسلبية للنقاط، تقسيم الطائرة بشكل كامل بحيث تفصل النقاط الموجبة عن النقاط السالبة.للتشكيل من نقاط n،
ما هي بعض الاختلافات بين قائمة مرتبطة ومصفوفة؟,تستخدم كل من قوائم أرايس ولينكد لتخزين بيانات خطية من أنواع متشابهة.ومع ذلك، هناك فرق قليل بينها.
"ما هي الطريقة الميشگريدية (""Meshgrid"") و طريقة الكونتورڤ (""Contourf"")؟ هل تذكر بعض الاستخدامات لكليهما.",يأخذ الميشگريد () في numpy مبرهنتين كمجال xvalues في الشبكة، ونطاق yvalues في الشبكة بينما يحتاج الميشگريد إلى أن يُبنى قبل أن تُستخدم دالة
وصف مائدة حشائش,هاشنگ هي تقنية لتحديد الأجسام الفريدة من مجموعة من الأجسام المتماثلة.أعمال الهاش عبارة عن مفاتيح كبيرة يتم تحويلها إلى مفاتيح صغيرة في تقنيات الوشنج.تُخزن قيم وظائف الهاش في هياكل البيانات التي
قائمة مزايا وعيوب استخدام الشبكات الجديدة.,ڤيروسات
يجب أن تدرب مجموعة بيانات 12GB باستخدام شبكة عصبية بآلة تمتلك 3GB RAM فقط.,يمكننا استخدام صفائف NumPy لحل هذه المسألة.نحمّل جميع البيانات في مصفاة.في NumPy، للمصفوفات خاصية لخريطة مجموعة البيانات الكاملة دون تحميلها بالكامل في الذاكرة.نستطيع
كتابة رمز بسيط لپيناريز المعطيات,يُعرف تحويل البيانات إلى قيم ثنائية على أساس حد معين على أنه tinarizing من البيانات.تُحدد القيم التي تقل عن العتبة إلى 0 وتلك التي تزيد عن العتبة إلى 1 والتي تكون مفيدة لهندس
ما هو الأراي؟,يعرڤ المصفوف على أنه عبارة عن مجموعة من الأشياء المتشابهة، يتم تخزينها بطريقة متلاحقة، فالآرايس مفهوم بديهي حيث أن الحاجة إلى تجميع الأجسام المتماثلة معاً تنشأ في حياتنا اليومية، وت
ما هي مزايا وعيوب استخدام الأراي؟,والآن ونحن نعرف ما هي المصفوفات، سنفهمها بالتفصيل بحل بعض أسئلة المقابلة.فلنرى قبل ذلك الوظائف التي تنص عليها پايثون كلغة للمصفوفات، والمعروفة أيضا باسم قوائم.
ما هي قوائم في پايثون؟,گلستان عبارة عن هيكل بيانات فعال يتم توفيره في الپايثون.هناك وظائف مختلفة مرتبطة بنفس الشيء.فلننظر في السيناريو حيث نريد نسخ قائمة إلى قائمة أخرى.إذا كان لا بد من القيام بنفس العملية بلغ
نظراً لمصفوفة من integers حيث يمثل كل عنصر العدد الأقصى من الخطوات التي يمكن التقدم بها من ذلك العنصر.المهمة هي إيگاد العدد الأدنى للقفزات للوصول إلى نهاية المصفوف (بدءاً,تشتهر هذه المشكلة باسم نهاية مشكلة المصفوفات.نريد تحديد الحد الأدنى لعدد القفزات المطلوبة من أجل الوصول إلى النهاية.يمثل العنصر في المصفوف العدد الأقصى للقفزات التي يمكن أن يأخذها ذلك العنصر.
نظراً لخيط S يتكون فقط من as and bs، طبع آخر مؤشر لـb الموجود فيه.,عندما نُعطَّى ويناً من ك و ب، يمكننا على الفور معرفة الموقع الأول لمحرف يحدث.. لذلك، لنجد آخر حدوث لمحرف ما، نعكس الخيط ونجد أول حدث، وهو ما يعادل
دوران عناصر مصفوفات بمواضع d إلى اليسار.,يوجد هنا نمط، أي أن العناصر d الأولى يتم تبادلها مع العناصر الأخيرة nd 1. ولذلك يمكننا مقايضة العناصر فقط.صحيح؟ ماذا لو كان حجم المصفوف ضخماً، فقل 10000 عنصر.هناك فرص ل
مشكلة تجارة المياه؟,نظرًا لمصفوفة arrr من N integers غير سالبة التي تمثل ارتفاع الكتل عند المؤشر الأول، حيث عرض كل كتلة هو 1.colpated more water cou
شرح إيگنڤكتورز و Eigenvalues.,تساعد التحولات الخطية على فهم استخدام المعالجات eigenvectors.يجدون استخدامها الأساسي في تخليق كوڤاريانس ومصفوفات الارتباط في علم البيانات.
102؟,يمكن تحديد عدد المجموعات عن طريق إيگاد درجة السيلوت.في كثير من الأحيان نهدف إلى الحصول على بعض الاكتشافات من البيانات باستخدام تقنيات التكتل حتى يكون لدينا صورة أوسع لعدد من الطبقات تمثلها البيانات.في هذه الحالة
ما هي قياسات الأداء التي يمكن استخدامها لتقدير كفاءة نموذج التراجع الخطي؟,متر الأداء الذي يستخدم في هذه الحالة هو
ما هي الطريقة الافتراضية للتقسيم في أشجار القرار؟,الطريقة الافتراضية للتقسيم في أشجار القرار هي مؤشر گيني.فهيسر گيني هو مقياس شائبة عقدة معينة.
كيف تكون القيمة مفيدة؟,فالقيمة تعطي احتمالية الفرضية الفراغية صحيحة، فهي تعطينا الأهمية الإحصائية لنتائجنا، وبعبارة أخرى فإن القيمة تحدد ثقة نموذج ما في ناتج معين.
هل يمكن استخدام التراجع اللوجستي للفصول أكثر من 2؟,لا ، لا يمكن استخدام التراجع اللوجستي للطبقات أكثر من 2 حيث أنه تصنيف ثنائي.. لخوارزميات التصنيف متعددة الطبقات مثل Dict Tries ، ناڤي پاييز classific
ما هي الپارامترات الفائقة لنموذج تراجع لوجستي؟,جزية التصنيف، حلالة التصنيف وتصنيف التصنيف C هي فرط الپارامترات القابلة للتدرب من پروتين Regresssion classifier.ويمكن تعيين هذه القيم حصرياً
تسمية بضعة فرط پارامترات لأشجار القرار؟,أهم السمات التي يمكن للشخص أن يلحنها في أشجار القرار هي
كيف تتعامل مع التعدد اللوني؟,الكولينارية المتعددة يمكن التعامل معها عن طريق الخطوات التالية
ما هو؟,وهو وضع يكون فيه فرق متغير غير متساوي عبر نطاق قيم متغير التنبؤ.
هل ARIMA موديل صالح لكل مشكلة في التسلسل الزمني؟,لا، نموذج ARIMA غير صالح لكل نوع من المشكلات التسلسلية الزمنية.هناك حالات حيث ARMA الطراز وآخرون أيضاً يأتي في غير صالحه.
كيف تتعامل مع اختلال الطبقات في مشكلة تصنيف؟,يمكن التعامل مع اختلال الطبقات بالطرق التالية
ما هو دور crossevalidation?,crossvalidation، هي تقنية تستخدم لزيادة أداء خوارزمية التعلم الآلي، حيث تُطعَم الآلة معطيات من نفس البيانات لبعض المرات.تُجرى عملية أخذ العينات بحيث يتم تكسير مجموعة
ما هو نموذج التصويت؟,نموذج التصويت هو نموذج encemble يجمع بين عدة مصنفات ولكن لينتج النتيجة النهائية، في حالة وجود نموذج قائم على التصنيف، يأخذ في الاعتبار، تصنيف نقطة بيانات معينة لكل النماذج ويقطف الخيار المولد الأكثر con
كيف تتعامل مع عدد قليل جداً من عينات البيانات؟ هل من الممكن صنع نموذج منه؟,إذا كان هناك القليل جداً من عينات البيانات، يمكننا الاستفادة من المغالاة في أخذ العينات لإنتاج نقاط بيانات جديدة.وبهذه الطريقة يمكن أن يكون لدينا نقاط بيانات جديدة.
ما هي الپارامترات الفائقة لـ SVM؟,قيمة گاما، قيمة ج ونوع الكرنل هي الپارامترات الفائقة لنموذج SVM.
ما هو پانداس پروفلنگ؟,فتوصيف پانداس هو خطوة للعثور على عدد فعال من البيانات القابلة للاستخدام.يعطينا إحصائيات قيم NUL والقيم القابلة للاستخدام وبالتالي يجعل الانتقاء المتغير واختيار البيانات للبناء نماذج في مرحلة ما قبل المعالجة فعالة للغاية
ما هو التأثير الذي يحدثه الارتباط على CPCE؟,أما إذا كانت البيانات مرتبطة ببعضها البعض فلا تعمل بشكل جيد.بسبب ارتباط المتغيرات ينخفض الفرق الفعال للمتغيرات.ومن هنا لا تعمل البيانات المرتبطة ببعضها البعض عند استخدامها لـ CPC بشكل جيد.
كيف يختلف سي بي سي عن LDA؟,سي بي سي غير مشرفة.LDA غير مشرفة.
ما هي قياسات المسافة التي يمكن استخدامها في KNN؟,يمكن استخدام عدادات المسافة التالية في KNN.
ما هي القياسات التي يمكن استخدامها لقياس الترابط بين البيانات المؤكدة؟,يمكن استخدام اختبار التربيع چي للقيام بذلك.يعطي مقياس الارتباط بين التنبؤات القطعية.
ما هي الخوارزمية التي يمكن استخدامها في الاستدلال على القيمة في كل من الفئات القطعية والمتواصلة من البيانات؟,KNN هي الخوارزمية الوحيدة التي يمكن استخدامها للاقتران بكل من المتغيرات القطعية والمتواصلة.
متى ينبغي تفضيل تراجع ردج على لاسو؟,ينبغي أن نستعمل تراجع ريدج عندما نرغب في استخدام جميع المتنبأات ولا نزيل أي منها كما يقلل من قيم المعامل لكنه لا يبطلها.
أي خوارزميات يمكن استخدامها لاختيار متغير هام؟,يمكن استخدام رسومات الغابة العشوائية وXgbost والمؤامرة ذات الأهمية المتغيرة للانتقاء المتغيرة.
ما هي تقنية enemble التي تستخدمها غابات راندوم؟,التشفير هي التقنية المستخدمة من قبل غابات راندوم Random Grees.الغابات الرندية هي مجموعة من الأشجار التي تعمل على بيانات عينة من مجموعة البيانات الأصلية مع كون التنبؤ النهائي متوسط مصوت عليه لكل الأشجار.
ما هي تقنية enemble المستخدمة بتدرج الأشجار؟,التقوية هي التقنية المستخدمة من قبل GBM.
إذا كان لدينا خطأ انحيازي عالي ماذا يعني؟ كيف نعالجه؟,وخطأ التحيز الشديد يعني أن ذلك النموذج الذي نستعمله يغفل كل الاتجاهات الهامة في النموذج والنموذج أقل منه تجهيزاً.
أي نوع من العينات أفضل لنموذج تصنيف و لماذا؟,إن أخذ العينات المثبتة أفضل في حالة حدوث مشكلات في التصنيف لأنها تأخذ في الاعتبار توازن الطبقات في مجموعات القطارات والاختبارات، ويُحتفظ بنسبة الصفوف ومن ثم يؤدي النموذج أداءً أفضل، وفي حالة أخذ العينات العشوائية من البيانات تن
ما هو المتري الجيد لقياس مستوى التعدد اللوني؟,ڤي‌إف VIF أو 1 Lability هو مقياس جيد لقياس التعدد اللوني في النماذج.ڤي‌إف هي النسبة المئوية لاختلاف التكهنات التي تبقى غير متأثرة بتوقعات أخرى
متى يمكن أن تكون قيمة قطعية تُعامَل كمتغير مستمر وما هو التأثير الذي يحدث لها عند القيام بذلك؟,يمكن التعامل مع متنبأ قطعي كعامل مستمر عندما تكون طبيعة نقاط البيانات التي يمثلها ordenal.إذا كان متغير المتنبأ لديه بيانات ordinal ثم يمكن التعامل معه على أنه مستمر ويزيد إدراجه في النموذج
ما هو دور الاحتمال الأقصى في التراجع اللوجستي.,تساعد معادلة الاحتمالية القصوى في تقدير معظم القيم المحتملة للمعاملات المتغيرة المتماثرة التي تنتج نتائج هي الأكثر احتمالاً أو الأكثر احتمالاً وقريبة تماماً من قيم الحقيقة.
ما هي المسافة التي نقيسها في حالة KNN؟,تقاس المسافة الهمگية في حالة KNN لتحديد أقرب گيران‌كمانز تستخدم المسافة الإقليدية.
ما هو خط أنابيب؟,خط الأنابيب طريقة متطورة لكتابة البرمجيات بحيث يمكن تسلسل كل عمل مقصود أثناء بناء نموذج وتسمي العملية الوظائف الفردية للمهمات المنفردة ويتم تنفيذ المهام المتسلسلة لتسلسل معين من نقاط البيانات ويمكن تشغيل العملية بأكملها على خيوط n باستخدام
ما هي تقنية أخذ العينات الأكثر ملاءمة عند العمل مع بيانات العصريات؟,ويمكننا استخدام عينة إيطالية مخصصة بحيث نضيف باستمرار عينات إلى مجموعة القطارات.. ينبغي لنا فقط أن نتذكر أنه ينبغي إضافة العينة المستخدمة للمصادقة إلى مجموعات القطارات التالية واستخدام عينة جديدة للمصادقة.
ما هي فوائد الچڤرون؟,يساعد الپروتين في التالين
ما هو التوزيع العادي؟,التوزيع الذي يمتلك الخصائص الدنيا يسمى التوزيع العادي.
ما هي قاعدة 68 في المائة في التوزيع العادي؟,التوزيع العادي عبارة عن منحنى على شكل الجرس، فمعظم نقاط المعطيات تدور حول الوسط، ومن هنا فإن ما يقرب من 68 في المائة من المعطيات تدور حول الوسط، وبما أنه لا يوجد خراب وجرس له.
ما هو اختبار چسكواري؟,تحدد الشسكوارية إذا ما كانت بيانات العينة تتطابق مع عدد السكان.
ما هو متغير عشوائي؟,A Randum Varible هي مجموعة من القيم المحتملة من تجربة عشوائية.مثال توسنگ عملة يمكن أن نحصل عليها رؤوس أو تايلس.نرمي نرد نحصل على 6 قيم
ما هي درجة الحرية؟,وهو عدد القيم المستقلة أو الكميات التي يمكن تخصيصها لتوزيع إحصائي.يستخدم في اختبار الفيزيولوجيا و اختبار الشيسكواري.
أي نوع من نظام التوصيات يستخدمه الأمازون,يستخدم أمازون خوارزمية ترشيح تعاونية توصية بعناصر مشابهة.وهو مستخدم لمستخدم رسم الخرائط المتماثلة المعتمدة على أشباه المستخدم والقابلية لشراء.
ما هي إيجابية زائفة؟,وهي نتيجة اختبار تشير خطأ إلى وجود حالة أو نسب معين.
ما هي سلبية الزائفة؟,نتيجة اختبار تشير خطأ إلى غياب حالة أو نسب معين.
ما هو مصطلح الخطأ المتكون من الارتداد؟,الخطأ هو عبارة عن مجموع للخطأ المتحيز visablevariance father in revolution.Bias and diverse falther يمكن تقليله ولكن ليس الخطأ الذي لا يمكن
أي متر أداء هو R2 أفضل أو R2 المعدل؟,R2 المعدلة لأن أداء المتنبأات تؤثر عليها.R2 مستقلة عن المتنبأات وتُظهر تحسن الأداء من خلال الزيادة إذا ما زاد عدد المتنبأات.
ما الفرق بين الخطأ من النمط الأول والخطأ من النمط الثاني؟,يشير خطأ النوع الأول والنوع الثاني في التعلم الآلي إلى القيم المزيفة.النوع الأول يكافئ الموجبة المزورة بينما النوع الثاني يكافئ سلبية المزيفة.في الخطأ النمط الأول، فرضية يجب أن تكون مقبولة لا
ما الذي تفهمه من قبل L1 وL2 recuralization؟,L2 regulation It tripped to spreased other among all the terms.L2 compained to a Gausian pr
أيهما أفضل، نايڤ پايز ألگوريتم أو شجر القرار؟,على الرغم من أنها تعتمد على المشكلة التي تحلها، إلا أن بعض المزايا العامة تتبع ذلك.
ماذا تعني منحنى ROC؟,يوضح منحنى ROC خصائص التشغيل المستلم (منحنية ROC) القدرة التشخيصية لمصنف ثنائي.يُحسَب من خلال التآمر بشكل إيجابي حقيقي ضد الموجبة الكاذبة في مختلف إعدادات العتب
ماذا تعني منحنى AUC؟,AUC (منطقة تحت المنحنى)- أعلى المنطقة تحت المنحني، أفضل قوة التنبؤ للنموذج.
ما هو سجل الاحتمال في التراجع اللوجستي؟,وهو مجموع بقايا الاحتمال.عند المستوى القياسي، يتم حساپ السجل الطبيعي للخطأ (residal) لكل رقم قياسي، مضروباً في سالب واحد، ويجمع تلك القيم، ثم يستخدم هذا الإجمالي كأساس للانقسام
كيف ستقيم نموذج تراجع لوجستي؟,تقييم النموذج هو جزء بالغ الأهمية في أي تحليل للإجابة عن الأسئلة التالية،
ما هي مزايا خوارزميات SVM؟,خوارزميات SVM لها مزايا أساسية من حيث التعقيد.أود أولاً أن أوضح أن كلاً من التراجع اللوجستي وكذلك SVM يمكن أن تشكل أسطح القرار غير الخطية ويمكن أن تكون مرتبطة بخدعة الكرنل
لماذا يؤدي إكس‌جيبوست أداءً أفضل من SVM؟,السبب الأول هو أن XGBoos طريقة encymble تستخدم العديد من الأشجار في اتخاذ قرار بحيث تكتسب القوة بتكرار نفسها.
ما هو الفرق بين SVM Rank و SVR (دعم ڤكتور Regresssion),يستخدم أحدهما للترتيب والآخر للتراجع.
ما هو الاختلاف بين الهامش الناعم العادي SVM و SVM مع كرنل خطي؟,هردمارگن
كيف يكون التصنيف الخطي ذا صلة بـ SVM؟,الڤيروس sevm هو نوع من التصنيفات الخطية.إذا لم تمش مع الكرنلز، فإنه يمكن القول أنه أبسط نوع من التصنيفات الخطية.
ما هي مزايا استخدام بايز الساذجة للتصنيف؟,يفترض بنوميال نايڤ پايز أن كل ميزاتنا ثنائية بحيث تأخذ قيمتين فقط.يمكن أن تمثل وسائل 0s كلمة لا تحدث في الوثيقة و1s كما تحدث كلمة في الوثيقة.
هل گاوسيان نايڤ پايز هو نفسه ثنائي النايف پايز؟,يفترض بنوميال نايڤ پايز أن كل ميزاتنا ثنائية بحيث تأخذ قيمتين فقط.يمكن أن تمثل وسائل 0s كلمة لا تحدث في الوثيقة و1s كما تحدث كلمة في الوثيقة.
ما هو الاختلاف بين الناي پايز classifier والپاييز classifier؟,"يفترض نايڤ پايز الاستقلال المشروط، P(XY, Z)P(XZ)"
في أي تطبيقات في العالم الحقيقي يستخدم نايڤ بايز classifier؟,بعض الأمثلة على العالم الحقيقي هي كما تُعطى أدناه
هل پاي‌پايس الساذجة مشرفة أم غير مشرفة؟,أولاً، نايڤ پايز ليست خوارزمية واحدة بل هي عائلة من ألگوريتمز ترث الصفات التالية
ما الذي تفهمه بتحيز الانتقاء في التعلم الآلي؟,يرمز انحياز الاختيار للانحياز الذي تم طرحه باختيار الأفراد أو الجماعات أو البيانات لإجراء التحليل بطريقة لا تتحقق العشوائية السليمة، فهو يضمن أن العينة التي تم الحصول عليها ليست ممثلة للسكان المقصود تحليلها وأحياناً يشار إليها باسم تأثير
ما الذي تفهمه من پريستيون ورِكْلِهِ؟,في التعرڤ على النمط، تعتبر استعادة المعلومات وتصنيفها في التعلم الآلي جزءاً من الدقة.وتسمى أيضاً بقيمة التنبؤ الإيجابية والتي هي كسر الحالات ذات الصلة بين الحالات المستردة.
ما هي المراحل الثلاث لبناء نموذج في التعلم الآلي؟,لبناء نموذج في التعلم الآلي، تحتاج إلى اتباع خطوات قليلة
كيف تصمم بريد سپام Level في التعلم الآلي؟,يعتمد كسب المعلومات على انخفاض الإنتروپيا بعد انقسام مجموعة بيانات على عزية.تبني شجرة القرار هو كل ما في الأمر إيگاد الخاصية التي تعود بأعلى كسب في المعلومات (أي أكثر الفروع تجانساً).
ما هو الفرق بين الإنتروپيا والإعلام گاين؟,يعتمد كسب المعلومات على انخفاض الإنتروپيا بعد انقسام مجموعة بيانات على عزية.تبني شجرة القرار هو كل ما في الأمر إيگاد الخاصية التي تعود بأعلى كسب في المعلومات (أي أكثر الفروع تجانساً).
ما هي كولينارية وعديدة الألوان؟,كولينيار (Collinearity) هو ارتباط خطي بين اثنين من التنبؤات.تُعَدُّ التكهنات المتعددة حالةً يكون فيها اثنين أو أكثر من التكهنات على صلة خطية عالية
ما هو كيرنل SVM؟,خوارزميات SVM لها مزايا أساسية من حيث التعقيد.أود أولاً أن أوضح أن كلاً من التراجع اللوجستي وكذلك SVM يمكن أن تشكل أسطح القرار غير الخطية ويمكن أن تكون مرتبطة بخدعة الكرنل
ما هي عملية تنفيذ التراجع الخطي؟,يتكون تحليل التراجع الخطي من أكثر من مجرد تركيب خط خطي عبر سحابة من نقاط البيانات.ويتكون من 3 مراحل.
كيف أبدء مهنة في التعلم الآلي؟,لا يوجد دليل ثابت أو نهائي يمكن من خلاله البدء بمسيرتك العملية في تعلم الآلات، فالخطوة الأولى هي فهم المبادئ الأساسية لهذا الموضوع وتعلم بضعة مفاهيم رئيسية مثل الخوارزميات وبنيات البيانات، قدرات الترميز، التفاض
ما هي أفضل طريقة لتعلم التعلم بالآلة؟,فأي طريقة تناسب أسلوب تعلمك يمكن اعتبارها أفضل وسيلة لتعلمها، فالأشخاص المختلفون قد يتمتعون بأساليب مختلفة، فبعض الطرق الشائعة ستكون من خلال أخذ أساسيات دورة التعلم الآلي مجاناً، ومشاهدة ڤيديوه
ما هي الدرجة التي تحتاجها لتعلم الآلات؟,ستبحث معظم الشركات المستأجرة عن الماجستير أو درجة الدكتوراه في النطاق ذي الصلة، يشمل مجال الدراسة علوم الحاسوب أو الرياضيات، ولكن امتلاك المهارات اللازمة حتى بدون درجة الماجستير يمكن أن يساعدك على الحصول على وظيفة ML أيضاً.
كيف تخترق التعلم بالآلة؟,"أكثر الطرق شيوعاً للوصول إلى مهنة التعلم الآلي هي اكتساب المهارات اللازمة.تعلم لغات البرمجة مثل C, C, Python, وجاوة.وإكتشاف المعرفة الأساسية حول خوارزميات ML المختلفة، المعرفة الرياضية"
ما مدى صعوبة التعلم بالآلة؟,التعلم الآلي مفهوم واسع يحتوي على جوانب مختلفة كثيراً، فمع التوجيه الصحيح والعمل المضني المتوافق، قد لا يصعب تعلمه كثيراً، فهو بالتأكيد يتطلب الكثير من الوقت والجهد، ولكن إذا كنت مهتماً بالموضوع وراضياً
ما هو التعلم الآلي للمبتدئين؟,ستتكون التعلم الآلي للمبتدئين من المفاهيم الأساسية مثل أنواع التعلم الآلي (الإشرافي، الغير مشرف، التعلم التعزيزي) وكل نوع من أنواع ML لديه خوارزميات ومكتبات مختلفة داخلها مثل، التصنيف والتراجع
ما هو مستوى الرياضيات المطلوب لتعلم الآلات؟,وسوف تحتاج إلى معرفة المفاهيم الإحصائية، الجبر الخطي، الاحتمال، التفاضلي، التضخيم.كما تذهب في المفاهيم الأكثر عمقاً لـ ML، فسوف تحتاج إلى مزيد من المعرفة فيما يتعلق بهذه المواضيع.
هل يتطلب التعلم الآلي ترميزًا؟,البرمجة جزء من التعلم الآلي.من المهم معرفة لغات البرمجة مثل پايثون.
