question,answer,questions_ar,answers_ar
"Explain the terms Artificial Intelligence (AI), Machine Learning (ML) and Deep Learning?","Artificial Intelligence (AI) is the domain of producing intelligent machines. ML refers to systems that can assimilate from experience (training data) and Deep Learning (DL) states to systems that learn from experience on large data sets. ML can be considered as a subset of AI. Deep Learning (DL) is ML but useful to large data sets. The figure below roughly encapsulates the relation between AI, ML, and DL",:: شرح المصطلحات التالية: الاستخبارات الصناعية، والتعلم الآلي، والتعلم العميق؟,الذكاء الاصطناعي هو مجال إنتاج الآلات الذكية. يشير ML إلى النظم التي يمكن أن تستوعب من التجارب (بيانات التدريب) وولايات التعلم العميق (DL) إلى النظم التي تتعلم من التجارب على مجموعات البيانات الكبيرة. يمكن اعتبار ML كمجموعة فرعية من AI. التعلم العميق (DL) هو ML ولكنه مفيد لمجموعات البيانات الكبيرة. الشكل أدناه يلخص تقريبًا العلاقة بين AI و ML و DL.
What are the different types of Learning Training models in ML?,ML algorithms can be primarily classified depending on the presenceabsence of target variables.,ما هي الأنواع المختلفة لنماذج التدريب على التعلم في وزارة العمل؟,يمكن تصنيف خوارزميات ML بالدرجة الأولى اعتماداً على وجود متغيرات الهدف.
What is the main key difference between supervised and unsupervised machine learning?,There are various means to select important variables from a data set that include the following,ما هو الفرق الرئيسي الرئيسي بين التعلم تحت الإشراف والتعلم غير الخاضع للإشراف؟,هناك وسائل مختلفة لانتقاء المتغيرات الهامة من مجموعة بيانات تتضمن ما يلي:
"There are many machine learning algorithms till now. If given a data set, how can one determine which algorithm to be used for that?","Machine Learning algorithm to be used purely depends on the type of data in a given dataset. If data is linear then, we use linear regression. If data shows nonlinearity then, the bagging algorithm would do better. If the data is to be analyzedinterpreted for some business purposes then we can use decision trees or SVM. If the dataset consists of images, videos, audios then, neural networks would be helpful to get the solution accurately.",يوجد الكثير من خوارزميات التعلم الآلية حتى الآن. إذا أعطيت مجموعة بيانات، كيف يمكن للمرء أن يحدد أي خوارزمية تستخدم لذلك؟,تَعَلُّم خوارزمية آلية لتُستخدَم تعتمد فقط على نوع البيانات في مجموعة بيانات مُعَلَّمة. إذا كانت البيانات خطية إذن، فإننا نَستخدم الاسترداد الخطي. إذا كانت البيانات تُظهِر الخطيّة إذاً، فإن خوارزمية التغليف ستكون أفضل. إذا كانت البيانات مُراد تحليلها مُفسَّرة لبعض أغراض العمل، فعندئذ يمكننا استخدام اشجار القرار أو SMV. إذا كانت مجموعة البيانات تتكون من صور، مقاطع فيديو، سمعيات، فإن الشبكات العصبية ستكون مفيدة للحصول على الحل بدقة.
State the differences between causality and correlation?,"Causality applies to situations where one action, say X, causes an outcome, say Y, whereas Correlation is just relating one action (X) to another action(Y) but X does not necessarily cause Y.",:: تحديد الاختلافات بين العلاقة السببية والارتباط؟,وينطبق السببية على الحالات التي يؤدي فيها إجراء ما، مثلاً x، إلى نتيجة، مثلاً ص، في حين أن الترابط هو مجرد ربط إجراء (س) بإجراء آخر (ص) ولكن x لا يسبب بالضرورة ص.
We look at machine learning software almost all the time. How do we apply Machine Learning to Hardware?,We have to build ML algorithms in System Verilog which is a Hardware development Language and then program it onto an FPGA to apply Machine Learning to hardware.,كيف نطبق التعلم الآلي على العتاد؟,علينا بناء خوارزميات ML في نظام Verilog وهو لغة تطوير العتاد ومن ثم برمجتها على FPGA لتطبيق التعلم الآلي على الأجهزة.
Explain Onehot encoding and Label Encoding. How do they affect the dimensionality of the given dataset?,"Onehot encoding is the representation of categorical variables as binary vectors. Label Encoding is converting labelswords into numeric form. Using onehot encoding increases the dimensionality of the data set. Label encoding doesnt affect the dimensionality of the data set. Onehot encoding creates a new variable for each level in the variable whereas, in Label encoding, the levels of a variable get encoded as 1 and 0.",اشرح 1 سطر ترميز و تسمية ترميز. كيف تؤثر على بعدية مجموعة البيانات المعطاة؟,واحد مُحَثّ تَرْمِز هو تمثيل المتغيرات القطعية كمُتَجَهات ثنائية. تَزَوَّجُ تَرْمِيزُ اللَحَلِ هوَ تحويلُ سَمَاعَاتِ مَعْرِفَةً إلى شكلٍ عَدِي. إستعمال تَرْمِيزِ مُحَاوَلَةِ تَزِيدَ مُعَادِلَةِ مجموعةِ البيانات. تَرْفِزُ مَحَاوِلَةُ مُؤَثِّرَةٌ عَلَى أَطْلَافِ مجموعةِ البيانات. تَرْفِزُ مَجَادِدٌ لِكَلِفَةٍ فِي ٱلْمُغَادِرَةِ، فِي تَرْمَزْمِيرِ التَرْمَازِ لِ مِنَ مُمَاذِنَ مُشَز كَ كَكُوْكُوْكُوْكُ كَ كَك 1 و 0.
"What is Bias, Variance and what do you mean by BiasVariance Tradeoff?","Both are errors in Machine Learning Algorithms. When the algorithm has limited flexibility to deduce the correct observation from the dataset, it results in bias. On the other hand, variance occurs when the model is extremely sensitive to small fluctuations.","ما هو ""بياس"" و ""بايرز"" و ما الذي تعنيه بمقايضة ""بياس-باريانس""؟",كلاهما خطأ في علم الألات Algorythms. عندما تكون للخوارزمية مرونة محدودة لاستنتاج الملاحظة الصحيحة من مجموعة البيانات، فإنها تسفر عن انحياز. من ناحية أخرى، يحدث التباين عندما يكون النموذج حساساً للغاية لتقلبات صغيرة.
How can we relate standard deviation and variance?,Standard deviation refers to the spread of your data from the mean. Variance is the average degree to which each point differs from the mean i.e. the average of all data points. We can relate Standard deviation and Variance because it is the square root of Variance.,كيف يمكننا ربط الانحراف والاختلاف المعياريين؟,الانحراف المعياري يشير إلى مدى انتشار بياناتك من المتوسط. الفرق هو متوسط الدرجة التي تختلف بها كل نقطة عن المتوسط أي متوسط كل نقاط البيانات. يمكننا ربط الانحراف المعياري والفرق لأنه الجذر التربيعي للفرق.
A data set is given to you and it has missing values which spread along 1 standard deviation from the mean. How much of the data would remain untouched?,"It is given that the data is spread across mean that is the data is spread across an average. So, we can presume that it is a normal distribution. In a normal distribution, about 68 of data lies in 1 standard deviation from averages like mean, mode or median. That means about 32 of the data remains uninfluenced by missing values.",مجموعة بيانات تعطى لكم ولها قيم مفقودة التي تنتشر على امتداد انحراف معياري واحد عن المتوسط. كم مقدار البيانات التي ستبقى غير موجودة؟,هو معطى أن البيانات موزعة على متوسط أن البيانات موزعة على متوسط. لذا، يمكننا أن نفترض أنه توزيع عادي. في التوزيع العادي، حوالي 68 من البيانات تقع في انحراف معياري واحد من متوسطات مثل متوسط، واسطة أو متوسط. هذا يعني أن حوالي 32 من البيانات تبقى غير متأثرة بالقيم المفقودة.
Is a high variance in data good or bad?,"Higher variance directly means that the data spread is big and the feature has a variety of data. Usually, high variance in a feature is seen as not so good quality.",هل هناك فرق كبير في البيانات جيد أم سيء؟,ويعني الفرق الأعلى مباشرة أن انتشار البيانات كبير وأن السمة تحتوي على مجموعة متنوعة من البيانات. وعادة ما ينظر إلى التباين العالي في إحدى السمات على أنه ليس جيد النوعية.
"If your dataset is suffering from high variance, how would you handle it?","For datasets with high variance, we could use the bagging algorithm to handle it. Bagging algorithm splits the data into subgroups with sampling replicated from random data. After the data is split, random data is used to create rules using a training algorithm. Then we use polling technique to combine all the predicted outcomes of the model.",إذا كانت بياناتك تعاني من تفاوت كبير، فكيف تتعامل معها؟,لـ البيانات مع أعلى فرق، يمكننا استخدام خوارزمية التغليف لمعالجتها. التدرج خوارزمية تقسم البيانات إلى مجموعات فرعية مع أخذ العينات من البيانات العشوائية. بعد تقسيم البيانات، تستخدم البيانات العشوائية لإنشاء قواعد باستخدام خوارزمية تدريب. ثم نستخدم تقنية الإقتراع للجمع بين كل النتائج المتوقعة للنموذج.
"A data set is given to you about utilities fraud detection. You have built aclassifier model and achieved a performance score of 98.5. Is this a goodmodel? If yes, justify. If not, what can you do about it?","Data set about utilities fraud detection is not balanced enough i.e. imbalanced. In such a data set, accuracy score cannot be the measure of performance as it may only be predict the majority class label correctly but in this case our point of interest is to predict the minority label. But often minorities are treated as noise and ignored. So, there is a high probability of misclassification of the minority label as compared to the majority label. For evaluating the model performance in case of imbalanced data sets, we should use Sensitivity (True Positive rate) or Specificity (True Negative rate) to determine class label wise performance of the classification model. If the minority class labels performance is not so good, we could do the following",مجموعة بيانات تُعطى لكم عن الكشف عن الاحتيال في المرافق العامة. قمتم ببناء نموذج تصنيفي وحققتم درجة أداء 98.5. هل هذا نموذج جيد؟ إذا كان الجواب نعم ، فابرروا. إذا لم يكن الأمر كذلك ، ماذا يمكنكم أن تفعلوا حيال ذلك؟,مجموعة البيانات المتعلقة بكشف الاحتيال في المرافق العامة ليست متوازنة بما يكفي، أي أنها غير متوازنة. في مجموعة البيانات هذه، لا يمكن أن تكون درجة الدقة مقياس الأداء لأنها قد تكون فقط التنبؤ بعلامة فئة الأغلبية بشكل صحيح، ولكن في هذه الحالة نقطة اهتمامنا هي التنبؤ بعلامة الأقلية. ولكن غالبا ما تعامل الأقليات كضوضاء ويتم تجاهلها. إذا كان هناك احتمال كبير لإساءة تصنيف بطاقة الأقلية مقارنة بعلامة الأغلبية. لتقييم أداء النموذج في حالة مجموعات البيانات غير المتوازنة، يجب أن نستخدم الحساسية (معدل True موجب) أو النوعية (معدل true سلبي) لتحديد أداء فئة وسم الإدارة الحكيمة لنموذج التصنيف. إذا لم يكن أداء بطاقات فئة الأقلية جيدا جدا، يمكننا القيام بما يلي:
Explain the handling of missing or corrupted values in the given dataset.?,An easy way to handle missing values or corrupted values is to drop the corresponding rows or columns. If there are too many rows or columns to drop then we consider replacing the missing or corrupted values with some new value.,اشرح كيفية التعامل مع القيم المفقودة أو الفاسدة في مجموعة البيانات المعطاة؟,طريقة سهلة للتعامل مع القيم المفقودة أو القيم الفاسدة هي إسقاط الصفوف أو الأعمدة المقابلة. إذا كان هناك الكثير جداً من الصفوف أو الأعمدة لإسقاطها، فإننا ننظر في استبدال القيم المفقودة أو المفسدة ببعض القيمة الجديدة.
What is Time series?,"A Time series is a sequence of numerical data points in successive order. It tracks the movement of the chosen data points, over a specified period of time and records the data points at regular intervals. Time series doesnt require any minimum or maximum time input. Analysts often use Time series to examine data according to their specific requirement.",ما هي سلسلة الزمن؟,السلسلة الزمنية عبارة عن تسلسل لنقاط البيانات العددية بالترتيب المتتالي، وهي تتبع حركة نقاط البيانات المختارة، على مدى فترة زمنية محددة، وتسجل نقاط البيانات على فترات منتظمة. السلسلة الزمنية لا تتطلب أي مدخل حد أدنى أو أقصى من الوقت. غالبا ما يستخدم المحللون سلاسل الوقت لفحص البيانات وفقا لاحتياجاتهم المحددة.
What is a BoxCox transformation?,BoxCox transformation is a power transform which transforms nonnormal dependent variables into normal variables as normality is the most common assumption made while using many statistical techniques. It has a lambda parameter which when set to 0 implies that this transform is equivalent to logtransform. It is used for variance stabilization and also to normalize the distribution.,ما هو تحويل صندوق الكوكس؟,تحويل BoxCox هو تحويل طاقة يقوم بتحويل متغيرات تبعية غير طبيعية إلى متغيرات طبيعية حيث أن الطبيعية هي أكثر الافتراضات شيوعاً التي يتم القيام بها في الوقت الذي تستخدم فيه العديد من التقنيات الإحصائية. لديه معامِل لامدا الذي عندما يُعَد إلى 0 يعني أن هذا التحويل هو معادل للتحوُّل اللوغاريتمي. يستخدم لتثبيت التفريق وأيضاً لتطبيع التوزيع.
What is the exploding gradient problem while using the back propagation technique?,"When large error gradients accumulate and result in large changes in the neural network weights during training, it is called the exploding gradient problem. The values of weights can become so large as to overflow and result in NaN values. This makes the model unstable and the learning of the model to stall just like the vanishing gradient problem. This is one of the most commonly asked interview questions on machine learning.",ما هي مشكلة الإنفجار أثناء استخدام تقنية الانتشار الخلفي؟,عندما يتراكم الخطأ الكبير ويؤدي إلى تغيرات كبيرة في أوزان الشبكة العصبية أثناء التدريب، فإنه يسمى مشكلة التدرج الانفجارية. قيم الأوزان يمكن أن تصبح كبيرة جدا بحيث يمكن أن تتدفق وتنتج في قيم NAN. هذا يجعل النموذج غير مستقر وتعلّم النموذج أن يماطل تماما مثل مشكلة التدرج التلاشي. هذا واحد من أكثر أسئلة المقابلات شيوعا حول التعلم الآلي.
Explain the differences between Random Forest and Gradient Boosting machines.?,Confusion matrix (also called the error matrix) is a table that is frequently used to illustrate the performance of a classification model i.e. classifier on a set of test data for which the true values are wellknown.,اشرح الفروق بين الغابات العشوائية والآلات المحفزة للتضاريس؟,مصفوفة التطابق (يطلق عليها أيضاً مصفوفة الخطأ) هي جدول يستخدم كثيراً لتوضيح أداء نموذج تصنيف أي مصنف على مجموعة من بيانات الاختبار التي تكون القيم الحقيقية لها معروفة جيداً.
What is a confusion matrix and why do you need it?,Confusion matrix (also called the error matrix) is a table that is frequently used to illustrate the performance of a classification model i.e. classifier on a set of test data for which the true values are wellknown.,ما هي مصفوفة الارتباك ولماذا تحتاج إليها؟,مصفوفة التطابق (يطلق عليها أيضاً مصفوفة الخطأ) هي جدول يستخدم كثيراً لتوضيح أداء نموذج تصنيف أي مصنف على مجموعة من بيانات الاختبار التي تكون القيم الحقيقية لها معروفة جيداً.
Whats a Fourier transform?,"Fourier Transform is a mathematical technique that transforms any function of time to a function of frequency. Fourier transform is closely related to Fourier series. It takes any timebased pattern for input and calculates the overall cycle offset, rotation speed and strength for all possible cycles. Fourier transform is best applied to waveforms since it has functions of time and space. Once a Fourier transform applied on a waveform, it gets decomposed into a sinusoid.",ما هو تحويل فورير؟,تحويل فورير هي تقنية رياضية تحول أي دالة وقت إلى دالة تردد. تحويل فورير يرتبط ارتباطا وثيقا بسلسلة فورير. يأخذ أي نمط زمني للمدخلات ويحسب مجمل الدورة وسرعة الدوران والقوة لجميع الدورات الممكنة. تحويل فورير هو أفضل تطبيق على أشكال الموجات حيث أن له وظائف الوقت والمكان. بمجرد تحويل فورير على شكل موجة، فإنه يصبح متحللا إلى جيب.
What do you mean by Associative Rule Mining (ARM)?,Associative Rule Mining is one of the techniques to discover patterns in data like features (dimensions) which occur together and features (dimensions) which are correlated. It is mostly used in Marketbased Analysis to find how frequently an itemset occurs in a transaction. Association rules have to satisfy minimum support and minimum confidence at the very same time. Association rule generation generally comprised of two different steps,ما الذي تعنيه بالقاعدة المشتركة للتعدين؟,وتعد عملية التعدين في إطار القاعدة الجماعية إحدى تقنيات اكتشاف أنماط في بيانات مثل السمات (الديانات) التي تحدث معاً والسمات (الديانات) المترابطة، وهي تستخدم في الغالب في التحليل القائم على السوق لمعرفة مدى تواتر حدوث مادة ما في معاملة ما. ويتعين أن تفي قواعد الرابطة بالحد الأدنى من الدعم والحد الأدنى من الثقة في نفس الوقت.
What is Marginalisation? Explain the process.?,Marginalisation is summing the probability of a random variable X given joint probability distribution of X with other variables. It is an application of the law of total probability.,ما هو الهمجية؟ اشرح العملية؟,التهامشي هو suming a عشوائي متغير X مع مشترك توزيع لـ X مع هو a تطبيق من قانون من الكل احتمال.
Explain the phrase Curse of Dimensionality.?,The Curse of Dimensionality refers to the situation when your data has too many features.,"اشرح عبارة ""البعدية"" ؟",لعنة البعد تشير إلى الحالة عندما تكون بياناتك تحتوي على الكثير من الميزات.
Why is rotation of components so important in Principle Component Analysis (PCA)?,"Rotation in PCA is very important as it maximizes the separation within the variance obtained by all the components because of which interpretation of components would become easier. If the components are not rotated, then we need extended components to describe variance of the components.",لماذا يكون تناوب المكونات بهذه الأهمية في تحليل العناصر الرئيسية؟,الدوران في الأنيسول الخماسي الكلور مهم جداً لأنه يزيد إلى أقصى حد من الفصل داخل الفرق الذي تحصل عليه جميع المكونات بسبب أي تفسير للمكونات سيصبح أسهل. إذا لم يتم تدوير المكونات، فإننا نحتاج إلى مكونات موسعة لوصف الفرق بين المكونات.
Explain the difference between Normalization and Standardization.?,Normalization and Standardization are the two very popular methods used for feature scaling.,اشرح الفرق بين التطبيع والتوحيد القياسي؟,ويعد التطبيع والتوحيد هما الأسلوبان الشائعان للغاية المستخدمان في تحديد السمات.
What is Linear Regression?,"Linear Function can be defined as a Mathematical function on a 2D plane as, Y Mx C, where Y is a dependent variable and X is Independent Variable, C is Intercept and M is slope and same can be expressed as Y is a Function of X or Y F(x).",ما هو الانحدار الخطي؟,الدالة الخطيّة يمكن تعريفها على أنها دالة ماثيّة على مستوى 2D كما، Y Mx C، حيث ان Y هي متغير معال و x هي متغير مستقل، C هي تقاطع و M هي ميل ويمكن التعبير عنها كما ان Y هي دالة لـ X او Y F(x).
What could be the issue when the beta value for a certain variable varies way too much in each subset when regression is run on different subsets of the given dataset?,"Variations in the beta values in every subset implies that the dataset is heterogeneous. To overcome this problem, we can use a different model for each of the datasets clustered subsets or a nonparametric model such as decision trees.",ماذا يمكن أن تكون المسألة عندما تختلف قيمة بيتا لمتغير معين كثيراً في كل جزء فرعي عندما يجري الانحدار على مجموعات فرعية مختلفة من مجموعة البيانات المعطاة؟,المعادلات في قيم بيتا في كل مجموعة فرعية تعني ضمناً أن مجموعة البيانات هي متغايرة. للتغلب على هذه المشكلة، يمكننا استخدام نموذج مختلف لكل واحدة من مجموعات البيانات التي تجمعها أو نموذج غير مكافئ مثل اشجار القرار.
What does the term Variance Inflation Factor mean?,Variation Inflation Factor (VIF) is the ratio of the models variance to the models variance with only one independent variable. VIF gives the estimate of the volume of multicollinearity in a set of many regression variables.,ماذا يعني مصطلح معامل التأرجح التضخمي؟,عامل التغير في التضخم (VIF) هو نسبة اختلاف النماذج إلى اختلاف النماذج مع متغير مستقل واحد فقط.
What is Kernel Trick in an SVM Algorithm?,"Kernel Trick is a mathematical function which when applied on data points, can find the region of classification between two different classes. Based on the choice of function, be it linear or radial, which purely depends upon the distribution of data, one can build a classifier.",ما هو كيرنيل تريك في SVM Algorithm؟,Trik هي دالة رياضية يمكن، عند تطبيقها على نقاط البيانات، أن تجد منطقة التصنيف بين فئتين مختلفتين. استناداً إلى اختيار الدالة، سواء كانت خطية أو مرادفة، والتي تعتمد حصراً على توزيع البيانات، يمكن للمرء أن يبني تصنيفاً.
How do you handle outliers in the data?,"Outlier is an observation in the data set that is far away from other observations in the data set. We can discover outliers using tools and functions like box plot, scatter plot, ZScore, IQR score etc. and then handle them based on the visualization we have got. To handle outliers, we can cap at some threshold, use transformations to reduce skewness of the data and remove outliers if they are anomalies or errors.",كيف تتعامل مع المتفوقين في البيانات؟,الميزر هو ملاحظة في مجموعة البيانات التي هي بعيدة جداً عن غيرها من الملاحظات في مجموعة البيانات. يمكننا أن نستكشف الميزات التي تستخدم أدوات و وظائف مثل مربعة، خريطة، ZScore، علامة IQR وما إلى ذلك. ومن ثم نعالجها استناداً إلى الصورة التي حصلنا عليها. لمعالجة الميزات الخارجية، يمكننا أن نرفعها عند عتبة معينة، نستخدم تحويلات للحد من انحراف البيانات وإزالة الميزات الخارجية إذا كانت شاذة أو أخطاء.
State the limitations of Fixed Basis Function.?,"Linear separability in feature space doesnt imply linear separability in input space. So, Inputs are nonlinearly transformed using vectors of basic functions with increased dimensionality. Limitations of Fixed basis functions are",هل ذكرت حدود الوظيفة الثابتة؟,لا يعني ذلك وجود تفاضل خطي في حيز الإدخال. هكذا، تكون الإدخالات غير متحولة بشكل خطي باستخدام متجهات الاقترانات الأساسية مع زيادة البعد. حدود دالات القاعدة الثابتة هي
Define and explain the concept of Inductive Bias with some examples.?,"Inductive Bias is a set of assumptions that humans use to predict outputs given inputs that the learning algorithm has not encountered yet. When we are trying to learn Y from X and the hypothesis space for Y is infinite, we need to reduce the scope by our beliefsassumptions about the hypothesis space which is also called inductive bias. Through these assumptions, we constrain our hypothesis space and also get the capability to incrementally test and improve on the data using hyperparameters. Examples",تعريف وشرح مفهوم المفاضلة الاستدراجية مع بعض الأمثلة؟,Bias الاستدلالية عبارة عن مجموعة من الافتراضات التي يستخدمها البشر للتنبؤ بالنواتج مع المدخلات التي لم تصادفها خوارزمية التعلم بعد. عندما نحاول تعلم Y من X والمساحة الافتراضية لـ Y هي اللانهائية، نحتاج إلى تقليص النطاق من خلال افتراضاتنا عن الفضاء الافتراضي الذي يسمى أيضاً بالتحيز التحفيزي. من خلال هذه الافتراضات، نقيد مساحة فرضيتنا ونحصل أيضاً على القدرة على اختبار وتحسين البيانات باستخدام البارامترات الفائقة.
Explain the term instancebased learning.?,Instance Based Learning is a set of procedures for regression and classification which produce a class label prediction based on resemblance to its nearest neighbors in the training data set. These algorithms just collects all the data and get an answer when required or queried. In simple words they are a set of procedures for solving new problems based on the solutions of already solved problems in the past which are similar to the current problem.,اشرح مصطلح التعلم القائم على المثال؟,التعلم القائم على أساس الحالة هو مجموعة من إجراءات الانحدار والتصنيف التي تنتج تنبؤاً بعلامة الفئة استناداً إلى التشابه مع أقرب جيرانها في مجموعة بيانات التدريب. هذه الخوارزميات تجمع فقط كل البيانات و تحصل على إجابة عند الطلب أو السؤال. بعبارة بسيطة هي مجموعة من الإجراءات لحل المشاكل الجديدة استناداً إلى حلول المشاكل التي تم حلها بالفعل في الماضي والتي تشبه المشكلة الحالية.
"Define precision, recall and F1 Score?",The metric used to access the performance of the classification model is Confusion Metric. Confusion Metric can be further interpreted with the following terms,تعريف الدقة، والتذكير وF1 درجة؟,والمقياس المستخدم للوصول إلى أداء نموذج التصنيف هو مقياس الالتهاب.
Plot validation score and training score with data set size on the xaxis and another plot with model complexity on the xaxis.?,"For high bias in the models, the performance of the model on the validation data set is similar to the performance on the training data set. For high variance in the models, the performance of the model on the validation set is worse than the performance on the training set.",خطّط درجة و تدرّب مع البيانات مجموعة حجم يعمل و آخر مع نموذج تعقّد يعمل ساكسيس?,وفيما يتعلق بالتحيز العالي في النماذج، يماثل أداء النموذج في مجموعة بيانات التحقق الأداء في مجموعة بيانات التدريب، وفيما يتعلق بالاختلاف الكبير في النماذج، يكون أداء النموذج في مجموعة التحقق أسوأ من الأداء في مجموعة التدريب.
What is Bayes Theorem? State at least 1 use case with respect to the machine learning context?,"Bayes Theorem describes the probability of an event, based on prior knowledge of conditions that might be related to the event. For example, if cancer is related to age, then, using Bayes theorem, a persons age can be used to more accurately assess the probability that they have cancer than can be done without the knowledge of the persons age.Chain rule for Bayesian probability can be used to predict the likelihood of the next word in the sentence.",ما هي نظرية بايز؟ الدولة على الأقل حالة استخدام واحدة فيما يتعلق بسياق التعلم الآلي؟,تصف نظرية بايز احتمال وقوع حدث، استناداً إلى معرفة مسبقة بالظروف التي قد تكون ذات صلة بالحدث. على سبيل المثال، إذا كان السرطان مرتبطاً بالعمر، فإنه يمكن، باستخدام نظرية بايز، استخدام الأشخاص الذين يبلغون السن لتقييم احتمال إصابتهم بالسرطان تقييماً أدق مما يمكن القيام به دون معرفة الأشخاص الذين بلغوا السن. يمكن استخدام قاعدة تشاين لاحتمالات باييزيا للتنبؤ باحتمال وجود الكلمة التالية في الجملة.
What is Naive Bayes? Why is it Naive?,Naive Bayes classifiers are a series of classification algorithms that are based on the Bayes theorem. This family of algorithm shares a common principle which treats every pair of features independently while being classified.,ما هو نايف بايز لماذا هو نايف؟,تصنيفات نايف باييس هي سلسلة من خوارزميات التصنيف التي تستند إلى نظرية بايز. هذه المجموعة من الخوارزمية تشترك في مبدأ مشترك الذي يعالج كل زوج من السمات بشكل مستقل بينما يتم تصنيفها.
Explain how a Naive Bayes Classifier works.?,Naive Bayes classifiers are a family of algorithms which are derived from the Bayes theorem of probability. It works on the fundamental assumption that every set of two features that is being classified is independent of each other and every feature makes an equal and independent contribution to the outcome.,اشرح كيف يعمل مصنف نايف بايز؟,تصنيفات نايف باييس هي مجموعة من الخوارزميات المشتقة من نظرية بايز للاحتمالات. وتعمل على افتراض أساسي بأن كل مجموعة من سمتين يتم تصنيفها مستقلة عن بعضها البعض وكل سمة تسهم إسهاماً متساوياً ومستقلاً في النتيجة.
What do the terms prior probability and marginal likelihood in context of Naive Bayes theorem mean?,"Prior probability is the percentage of dependent binary variables in the data set. If you are given a dataset and dependent variable is either 1 or 0 and percentage of 1 is 65 and percentage of 0 is 35. Then, the probability that any new input for that variable of being 1 would be 65.",ما الذي تعنيه المصطلحات مسبقاً الاحتمالية والاحتمالات الهامشية في سياق نظرية نايف باييس؟,الإحتمالات السابقة هي النسبة المئوية للمتغيرات الثنائية المعتمدة في مجموعة البيانات. إذا كنت قد أعطيت مجموعة بيانات ومتغير معول هو إما 1 أو 0 والنسبة المئوية لـ 1 هي 65 والنسبة المئوية لـ 0 هي 35. ثم احتمالية أن أي مدخل جديد لذلك المتغير هو 1 سيكون 65.
Explain the difference between Lasso and Ridge?,"Lasso(L1) and Ridge(L2) are the regularization techniques where we penalize the coefficients to find the optimum solution. In ridge, the penalty function is defined by the sum of the squares of the coefficients and for the Lasso, we penalize the sum of the absolute values of the coefficients. Another type of regularization method is ElasticNet, it is a hybrid penalizing function of both lasso and ridge.",اشرح الفرق بين لاسو و ريدج؟,و Lasso(L1) و Redge(L2) هي تقنيات التنظيم حيث نعاقب المعاملات للعثور على الحل الأمثل. في التدرج، تحدد دالة العقوبة بمجموع مربعات المعاملات وبالنسبة إلى لاسو، نعاقب مجموع القيم المطلقة للمعاملات. وهناك نوع آخر من طريقة التثبيت هو ElasticNet، وهي دالة عقابية هجينة لكل من لاسو والارتفاع.
Whats the difference between probability and likelihood?,"Probability is the measure of the likelihood that an event will occur that is, what is the certainty that a specific event will occur? Whereas a likelihood function is a function of parameters within the parameter space that describes the probability of obtaining the observed data.So the fundamental difference is, Probability attaches to possible results likelihood attaches to hypotheses.",ما الفرق بين الاحتمال والاحتمالات؟,الاحتمالية هي قياس احتمال وقوع حدث ما، أي ما هو اليقين بأن حدثا معينا سيحدث؟ في حين أن دالة الاحتمال هي دالة لبارامترات داخل حيز البارامترات التي تصف احتمال الحصول على البيانات المرصودة. وبالتالي فإن الفرق الأساسي هو الاحتمالية التي تعلق على احتمال تحقيق نتائج محتملة على الفرضيات.
Why would you Prune your tree?,"In the context of data science or AIML, pruning refers to the process of reducing redundant branches of a decision tree. Decision Trees are prone to overfitting, pruning the tree helps to reduce the size and minimizes the chances of overfitting. Pruning involves turning branches of a decision tree into leaf nodes and removing the leaf nodes from the original branch. It serves as a tool to perform the tradeoff.",لمَ قد تكسر شجرتك؟,في سياق علم البيانات أو AIML، يشير التقطيع إلى عملية تقليل الأفرع الزائدة من شجرة القرار. فالأشجار المقرّرة تميل إلى التهذيب المفرط، وتشذيب الشجرة تساعد على تقليل الحجم والتقليل إلى أدنى حد من فرص الإفراط في التكييف. ينطوي التصفيف على تحويل أفرع شجرة القرار إلى عُقَد ورقية وإزالة عُقَد الورقة من الفرع الأصلي. وهو بمثابة أداة لأداء المفاضلة.
Model accuracy or Model performance? Which one will you prefer and why?,"This is a trick question, one should first get a clear idea, what is Model Performance? If Performance means speed, then it depends upon the nature of the application, any application related to the realtime scenario will need high speed as an important feature. Example The best of Search Results will lose its virtue if the Query results do not appear fast.",(ب) الدقة النموذجية أو الأداء النموذجي؟ أيهما تفضله ولماذا؟,هذا سؤال مخادع، ينبغي للمرء أولاً أن يحصل على فكرة واضحة، ما هو الأداء النموذجي؟ إذا كان الأداء يعني السرعة، ثم يعتمد على طبيعة التطبيق، فإن أي تطبيق يتصل بسيناريو الوقت الحقيقي سيحتاج إلى سرعة عالية كسمة مهمة. مثال أفضل نتائج البحث سيفقد فضيلته إذا لم تظهر نتائج البحث بسرعة.
List the advantages and limitations of the Temporal Difference Learning Method.?,Temporal Difference Learning Method is a mix of Monte Carlo method and Dynamic programming method. Some of the advantages of this method include,قائمة بمزايا وحدود طريقة التعلم الخاصة بالاختلاف الزمني؟,وأسلوب التعلم المتعلق بالاختلاف الزمني هو مزيج من طريقة مونت كارلو وطريقة البرمجة الدينامية.
How would you handle an imbalanced dataset?,"Sampling Techniques can help with an imbalanced dataset. There are two ways to perform sampling, Under Sample or Over Sampling.",كيف تتعامل مع بيانات غير متوازنة؟,ويمكن لتقنيات أخذ العينات أن تساعد في إيجاد مجموعة بيانات غير متوازنة، وهناك طريقتان لأداء عملية أخذ العينات، تحت العينة أو فوق العينات.
Mention some of the EDA Techniques?,Exploratory Data Analysis (EDA) helps analysts to understand the data better and forms the foundation of better models.,بعض من تقنيات EDA؟,ويساعد تحليل البيانات الاستكشافية المحللين على فهم البيانات على نحو أفضل ويشكل الأساس لنماذج أفضل.
Mention why feature engineering is important in model building and list out some of the techniques used for feature engineering.?,"Algorithms necessitate features with some specific characteristics to work appropriately. The data is initially in a raw form. You need to extract features from this data before supplying it to the algorithm. This process is called feature engineering. When you have relevant features, the complexity of the algorithms reduces. Then, even if a nonideal algorithm is used, results come out to be accurate.",ذكر لماذا تعتبر هندسة الملامح مهمة في بناء النماذج وإدراج بعض التقنيات المستخدمة في هندسة الملامح.,الدالة Algorythoms تتطلب خصائص مع بعض الخصائص المحددة للعمل على نحو مناسب. البيانات هي في البداية في شكل خام. تحتاج إلى إستخراج خصائص من هذه البيانات قبل توريدها إلى الخوارزمية. هذه العملية تسمى هندسة الميزة. عندما يكون لديك خصائص ذات صلة، فإن تعقيد الخوارزميات يقل. ثم، حتى لو تم استخدام خوارزمية غير مثالية، تظهر النتائج لتكون دقيقة.
Differentiate between Statistical Modeling and Machine Learning?,"Machine learning models are about making accurate predictions about the situations, like Foot Fall in restaurants, StockPrice, etc. whereas, Statistical models are designed for inference about the relationships between variables, as What drives the sales in a restaurant, is it food or Ambience.",التمييز بين النماذج الإحصائية والتعلم الآلي؟,وتتمثل نماذج التعلم الآلي في إجراء تنبؤات دقيقة عن الحالات، مثل فوت فال في المطاعم، وستوكبريس، وما إلى ذلك، في حين أن النماذج الإحصائية مصممة للاستدلال على العلاقات بين المتغيرات، حيث أن ما يحرك المبيعات في مطعم ما، هو الغذاء أو المحيط.
Differentiate between Boosting and Bagging?,Bagging and Boosting are variants of Ensemble Techniques.,التفاضل بين الاثارة والتأرجح؟,التأرجح والإثارة هما متغيّران من تقنيات التجميع.
What is the significance of Gamma and Regularization in SVM?,"The gamma defines influence. Low values meaning far and high values meaning close. If gamma is too large, the radius of the area of influence of the support vectors only includes the support vector itself and no amount of regularization with C will be able to prevent overfitting. If gamma is very small, the model is too constrained and cannot capture the complexity of the data.",ما هي أهمية غاما والتثبيت في SVM؟,الدالة gama تعرّف التأثير. القيم المنخفضة تعني قيماً بعيدة و قيم عالية تعني قريبة. إذا كانت غاما كبيرة جداً، فإن نصف قطر منطقة تأثير متجهات الدعم لا يشمل سوى متجه الدعم نفسه، ولا كمية من الاستقرار مع C ستكون قادرة على منع الإفراط في التهذيب. إذا كانت غاما صغيرة جداً، فإن النموذج مقيد جداً ولا يستطيع التقاط تعقيد البيانات.
Define ROC curve work?,The graphical representation of the contrast between true positive rates and the false positive rate at various thresholds is known as the ROC curve. It is used as a proxy for the tradeoff between true positives vs the false positives.,تعريف ROC العمل؟,ويُعرف التمثيل البياني للاختلاف بين المعدلات الإيجابية الحقيقية والمعدل الإيجابي غير الصحيح في مختلف العتبات باسم منحنى ROC. وهو يستخدم كبديل للمفاضلة بين الإيجابيات الحقيقية مقابل الإيجابيات الزائفة.
What is the difference between a generative and discriminative model?,"A generative model learns the different categories of data. On the other hand, a discriminative model will only learn the distinctions between different categories of data. Discriminative models perform much better than the generative models when it comes to classification tasks.",ما هو الفرق بين النموذج الجيني والنموذج التمييزي؟,ومن ناحية أخرى، فإن النموذج التمييزي لن يتعلم إلا التمييز بين مختلف فئات البيانات. وتؤدي النماذج التمييزية أداء أفضل بكثير من النماذج الجينية عندما يتعلق الأمر بمهام التصنيف.
What are hyperparameters and how are they different from parameters?,"A parameter is a variable that is internal to the model and whose value is estimated from the training data. They are often saved as part of the learned model. Examples include weights, biases etc.",ما هي البارامترات الفائقة وكيف تختلف عن البارامترات؟,البارامتر هو a هو a هو a هو a داخلي إلى نموذج و قيمة من تدريب البيانات.
What is shattering a set of points? Explain VC dimension.?,"In order to shatter a given configuration of points, a classifier must be able to, for all possible assignments of positive and negative for the points, perfectly partition the plane such that positive points are separated from negative points. For a configuration of n points, there are 2n possible assignments of positive or negative.",ما الذي يحطم مجموعة من النقاط؟ اشرح بُعد VC؟,من أجل تحطيم تشكيل معين من النقاط، يجب أن يكون المصنف قادراً، بالنسبة لجميع الإحالات الممكنة من موجب وسالب للنقاط، على تقسيم المستوى بشكل كامل بحيث تنفصل النقاط الإيجابية عن النقاط السالبة. بالنسبة لتشكيلة ن ن النقاط، هناك 2n من الإحالات الممكنة من موجب أو سالب.
What are some differences between a linked list and an array?,"Arrays and Linked lists are both used to store linear data of similar types. However, there are a few difference between them.",ما هي بعض الاختلافات بين القائمة المترابطة والصفيفة؟,وتستخدم الشعاعات والقوائم المترابطة معا لتخزين بيانات خطية من أنواع متشابهة، إلا أن هناك فرقا قليلا بينها.
What is the meshgrid () method and the contourf () method? State some usesof both.?,"The meshgrid( ) function in numpy takes two arguments as input range of xvalues in the grid, range of yvalues in the grid whereas meshgrid needs to be built before the contourf( ) function in matplotlib is used which takes in many inputs xvalues, yvalues, fitting curve (contour line) to be plotted in grid, colours etc.",ما هي الطريقة ((misshgrid () وطريقة التضاريس ()؟ ما هي بعض الاستخدامات لكليهما؟,الدالة Midshgrid () في numpy تأخذ اثنين من المعطيات كمدخل لنطاق قيم x في الشبكة، مدى قيم y في الشبكة في حين أن المشط بحاجة إلى أن تبنى قبل دالة التضخيم () في المشط تستخدم التي تأخذ في العديد من المدخلات x القيمة، y القيمة، منحنى الضبط (خط التواء) لتحدد في الشبكة، الألوان وما إلى ذلك.
Describe a hash table.?,Hashing is a technique for identifying unique objects from a group of similar objects. Hash functions are large keys converted into small keys in hashing techniques. The values of hash functions are stored in data structures which are known hash table.,الوصف a جدول؟,الهاشنغ هو تقنية لتحديد الأجسام الفريدة من مجموعة من الأجسام المتشابهة. وظائف الهمجية هي مفاتيح كبيرة تحول إلى مفاتيح صغيرة في تقنيات البعثرة. قيم وظائف البعثرة تخزن في هياكل بيانات معروفة في جدول البعثرة.
List the advantages and disadvantages of using Neural Networks.?,Advantages,قائمة بمزايا ومساوئ استخدام الشبكات العصبية؟,
You have to train a 12GB dataset using a neural network with a machine which has only 3GB RAM. How would you go about it?,"We can use NumPy arrays to solve this issue. Load all the data into an array. In NumPy, arrays have a property to map the complete dataset without loading it completely in memory. We can pass the index of the array, dividing data into batches, to get the data required and then pass the data into the neural networks. But be careful about keeping the batch size normal.",يجب عليك تدريب مجموعة بيانات 12GB باستخدام شبكة عصبية مع آلة لديها فقط 3GB رام. كيف يمكنك أن تفعل ذلك؟,يمكننا استخدام صفائف NumPy لحل هذه المسألة. نحمّل كل البيانات في مصفوفة. في NumPy، الصفائف لديها خاصية لخرائط مجموعة البيانات الكاملة بدون تحميلها بالكامل في الذاكرة. يمكننا تمرير فهرس المصفوفة، قسم البيانات إلى دفعات، للحصول على البيانات المطلوبة ومن ثم تمرير البيانات إلى الشبكات العصبية. لكن كن حذراً حيال الحفاظ على حجم الدفعة عادي.
Write a simple code to binarize data.?,Conversion of data into binary values on the basis of certain threshold is known as binarizing of data. Values below the threshold are set to 0 and those above the threshold are set to 1 which is useful for feature engineering.,اكتب رمز بسيط إلى بيانات؟,يُعرف تحويل البيانات إلى قيم ثنائية على أساس عتبة معينة باسم Binarization من البيانات. تُحدد القيم دون العتبة إلى 0، وتُحدد القيم التي تزيد عن العتبة إلى 1 التي تكون مفيدة لهندسة الخاصية.
What is an Array?,"The array is defined as a collection of similar items, stored in a contiguous manner. Arrays is an intuitive concept as the need to group similar objects together arises in our day to day lives. Arrays satisfy the same need. How are they stored in the memory? Arrays consume blocks of data, where each element in the array consumes one unit of memory. The size of the unit depends on the type of data being used. For example, if the data type of elements of the array is int, then 4 bytes of data will be used to store each element. For character data type, 1 byte will be used. This is implementation specific, and the above units may change from computer to computer.",ما هو الـ(آرراي)؟,تعرّف المصفوفة بأنها مجموعة من عناصر متشابهة، مخزنة بطريقة متجاورة. الرسوم هي مفهوم بديهي كما أن الحاجة إلى تجميع أشياء متشابهة مجتمعة تنشأ في حياتنا اليومية. تلبّي الأشعة نفس الحاجة. كيف تخزن في الذاكرة؟ تستهلك الأشعة كتل من البيانات، حيث يستهلك كل عنصر في المصفوفة وحدة واحدة من الذاكرة. يعتمد حجم الوحدة على نوع البيانات المستخدمة. على سبيل المثال، إذا كان نوع البيانات من عناصر المصفوفة داخلا، فإن 4 بايتات من البيانات سوف تستخدم لتخزين كل عنصر. بالنسبة لنوع بيانات المطبعة، سيُستخدم 1 بايت. هذا خاص بالتنفيذ، وقد تتغير الوحدات المذكورة أعلاه من الحاسوب إلى الحاسوب.
What are the advantages and disadvantages of using an Array?,"Now that we know what arrays are, we shall understand them in detail by solving some interview questions. Before that, let us see the functions that Python as a language provides for arrays, also known as, lists.",ما هي مزايا ومساوئ استخدام آرراي؟,الآن بما أننا نعرف ماهية الصفائف، سنفهمها بالتفصيل بحل بعض أسئلة المقابلة. قبل ذلك، دعونا نرى الاقترانات التي يوفرها بايثون كلغة للمصفوفات، المعروفة أيضا باسم القوائم.
What is Lists in Python?,"Lists is an effective data structure provided in python. There are various functionalities associated with the same. Let us consider the scenario where we want to copy a list to another list. If the same operation had to be done in C programming language, we would have to write our own function to implement the same.",ما هي القوائم في بايثون؟,القوائم عبارة عن بنية بيانات فعالة مقدمة بالبايثون. هناك وظائف مختلفة مرتبطة بنفس. دعونا ننظر في السيناريو حيث نريد أن ننسخ قائمة إلى قائمة أخرى. إذا كان لا بد من القيام بنفس العملية بلغة برمجة C، فعلينا أن نكتب الدالة الخاصة بنا لتنفيذ نفس.
"Given an array of integers where each element represents the max number of steps that can be made forward from that element. The task is to find the minimum number of jumps to reach the end of the array (starting from the first element). If an element is 0, then cannot move through that element.?","Solution This problem is famously called as end of array problem. We want to determine the minimum number of jumps required in order to reach the end. The element in the array represents the maximum number of jumps that, that particular element can take.",يعطي مصفوفة من عدد عدد صحيح حيث يمثل كل عنصر العدد الأقصى للخطوات التي يمكن تقديمها من ذلك العنصر. المهمة هي إيجاد العدد الأدنى للقفزات للوصول إلى نهاية المصفوفة (بدءاً من العنصر الأول). إذا كان العنصر هو 0، فلا يمكن الانتقال عبر ذلك العنصر.,حل هذه المشكلة تسمى بشكل معروف كنهاية لمشكلة المصفوفة. نريد أن نحدد الحد الأدنى لعدد القفزات المطلوبة من أجل الوصول إلى النهاية. العنصر في المصفوفة يمثل العدد الأقصى للقفزات التي، ذلك العنصر المعين يمكن أن يأخذها.
"Given a string S consisting only as and bs, print the last index of the b present in it.?","When we have are given a string of as and bs, we can immediately find out the first location of a character occurring. Therefore, to find the last occurrence of a character, we reverse the string and find the first occurrence, which is equivalent to the last occurrence in the original string.",معطى a سلسلة نص S مكوّن فقط كما و bs، اطبع الأخير مِنْ b موجود فيه.,عندما نعطى a سلسلة من ك و bs، يمكننا ان نجد الموقع الاول لمحرف يحدث. لذلك، لنجد آخر حدث لمحرف، نقوم بعكس الخيط ونجد أول حدث، والذي يساوي آخر حدث في الخيط الاصلي.
Rotate the elements of an array by d positions to the left.?,"There exists a pattern here, that is, the first d elements are being interchanged with last nd 1 elements. Therefore we can just swap the elements. Correct? What if the size of the array is huge, say 10000 elements. There are chances of memory error, runtime error etc. Therefore, we do it more carefully. We rotate the elements one by one in order to prevent the above errors, in case of large arrays.",تدوير عناصر من المصفوفة أداء d إلى يسار?,يوجد نمط هنا، اي، ان اول عناصر d يتم تبادلها مع العناصر السابقة و الاضافية 1. لذلك يمكننا ان نتبادل العناصر. صحيح؟ ماذا لو كان حجم المصفوفة ضخماً، لنقل 10000 العناصر. هناك فرص لخطأ الذاكرة، خطأ وقت التشغيل وما الى ذلك. لذلك، نقوم بذلك بحذر اكثر. نقوم بتدوير العناصر واحداً تلو الآخر من أجل منع الأخطاء أعلاه، في حالة المصفوفات الكبيرة.
Water Trapping Problem?,"Given an array arr of N nonnegative integers which represents the height of blocks at index I, where the width of each block is 1. Compute how much water can be trapped in between blocks after raining.",مشكلة المياه؟,معطى ar من N غير سالبة عدد صحيح الذي يمثل ارتفاع من عند مؤشر I، حيث عرض من كل كتلة هو 1. احسب مقدار الماء الذي يمكن أن يُحبس بين الكتل بعد المطر.
Explain Eigenvectors and Eigenvalues.?,Linear transformations are helpful to understand using eigenvectors. They find their prime usage in the creation of covariance and correlation matrices in data science.,شرح Eigenvetors و Eigenphics.؟,التحولات الخطيّة مفيدة لفهم استخدام المُفاعِلات الأيجينية. تجد استخداماتها الأوليّة في إنشاء المصفوفات التناظرية والتلازمية في علم البيانات.
102.?,"The number of clusters can be determined by finding the silhouette score. Often we aim to get some inferences from data using clustering techniques so that we can have a broader picture of a number of classes being represented by the data. In this case, the silhouette score helps us determine the number of cluster centres to cluster our data along.",؟؟,عدد المجموعات يمكن تحديده عن طريق العثور على درجة Silhoyet. في كثير من الأحيان نهدف إلى الحصول على بعض الاستدلالات من البيانات باستخدام تقنيات التجميع بحيث يمكننا الحصول على صورة أوسع لعدد من الفئات التي تمثلها البيانات. في هذه الحالة، تساعدنا علامة Silhowett على تحديد عدد مراكز المجموعات لتجميع بياناتنا على طول.
What are the performance metrics that can be used to estimate the efficiency of a linear regression model?,The performance metric that is used in this case is,ما هي مقاييس الأداء التي يمكن استخدامها لتقدير كفاءة نموذج التراجع الخطي؟,مقياس الأداء المستخدم في هذه الحالة هو:
What is the default method of splitting in decision trees?,The default method of splitting in decision trees is the Gini Index. Gini Index is the measure of impurity of a particular node.,ما هي الطريقة الافتراضية لتقسيم أشجار القرار؟,والطريقة الافتراضية لتقسيم أشجار القرار هي مؤشر جيني، ومؤشر جيني هو مقياس شوائب عقدة معينة.
How is pvalue useful?,"The pvalue gives the probability of the null hypothesis is true. It gives us the statistical significance of our results. In other words, pvalue determines the confidence of a model in a particular output.",كيف تكون هذه القيمة مفيدة؟,القيمة تعطي احتمالية فرضية اللاغية صحيحة. تعطينا الأهمية الإحصائية لنتائجنا. بعبارة أخرى، القيمة تحدد ثقة النموذج في ناتج معين.
Can logistic regression be used for classes more than 2?,"No, logistic regression cannot be used for classes more than 2 as it is a binary classifier. For multiclass classification algorithms like Decision Trees, Nave Bayes Classifiers are better suited.",هل يمكن استخدام الانحدار اللوجيستي في الصفوف التي تزيد على 2؟,لا، لا يمكن استخدام الانحدار اللوجيستي للفئتين أكثر من 2 لأنه تصنيف ثنائي. لخوارزميات التصنيف متعددة الطبقات مثل القرار شجرة، Nave Bayes التصنيفات هي الأنسب.
What are the hyperparameters of a logistic regression model?,"Classifier penalty, classifier solver and classifier C are the trainable hyperparameters of a Logistic Regression Classifier. These can be specified exclusively with values in Grid Search to hyper tune a Logistic Classifier.",ما هي المقاييس الفائقة لنموذج الانحدار السوقي؟,الغرامة التصنيفية، المحَلِل التصنيفي، والمصنف C هي البارامترات الفائقة التي يمكن تدريبها لمقياس تصنيف الإسناد اللوجستي. هذه يمكن تحديدها حصرياً مع القيم في البحث Grid Search إلى الإيقاع الفائق لتقنية التصنيف.
Name a few hyperparameters of decision trees?,The most important features which one can tune in decision trees are,اسم عدد قليل من التجاوزات القصوى لأشجار القرار؟,أهم الملامح التي يمكن للمرء أن يلهجها في اتخاذ القرارات
How to deal with multicollinearity?,Multi collinearity can be dealt with by the following steps,كيف تتعاملين مع تعدد الخطوط؟,من خلال الخطوات التالية:
What is?,It is a situation in which the variance of a variable is unequal across the range of values of the predictor variable.,ما هو؟,وهي حالة يكون فيها اختلاف متغير ما غير متساو عبر نطاق قيم متغير التنبؤ.
Is ARIMA model a good fit for every time series problem?,"No, ARIMA model is not suitable for every type of time series problem. There are situations where ARMA model and others also come in handy.",هل يلائم نموذج آريما كل مشكلة متسلسلة ؟,لا، نموذج ARIMA ليس مناسباً لكل نوع من المشاكل المتسلسلة زمنياً. هناك حالات حيث نموذج ARMA وغيرها تأتي أيضاً في متناول اليد.
How do you deal with the class imbalance in a classification problem?,Class imbalance can be dealt with in the following ways,كيف تتعامل مع عدم التوازن الطبقي في مشكلة التصنيف؟,يمكن التعامل مع اختلال التوازن الطبقي بالطرق التالية:
What is the role of crossvalidation?,"Crossvalidation is a technique which is used to increase the performance of a machine learning algorithm, where the machine is fed sampled data out of the same data for a few times. The sampling is done so that the dataset is broken into small parts of the equal number of rows, and a random part is chosen as the test set, while all other parts are chosen as train sets.",ما هو دور التناقل؟,التصادم هي تقنية تستخدم لزيادة أداء خوارزمية التعلم الآلية، حيث تُغذى الآلة على البيانات المأخوذة من نفس البيانات لعدة مرات. يتم أخذ العينات بحيث يتم تقسيم مجموعة البيانات إلى أجزاء صغيرة من عدد متساو من الصفات، ويتم اختيار جزء عشوائي كمجموعة اختبار، في حين يتم اختيار جميع الأجزاء الأخرى كمجموعات قطار.
What is a voting model?,"A voting model is an ensemble model which combines several classifiers but to produce the final result, in case of a classificationbased model, takes into account, the classification of a certain data point of all the models and picks the most vouchedvotedgenerated option from all the given classes in the target column.",ما هو نموذج التصويت؟,ونموذج التصويت هو نموذج موحد يجمع بين عدة تصنيفات، ولكن لإنتاج النتيجة النهائية، في حالة نموذج قائم على التصنيف، يأخذ في الاعتبار، تصنيف نقطة بيانات معينة من جميع النماذج ويختار الخيار الأكثر ثباتا من جميع الفئات المعطاة في العمود المستهدف.
How to deal with very few data samples? Is it possible to make a model out of it?,"If very few data samples are there, we can make use of oversampling to produce new data points. In this way, we can have new data points.",كيف يمكن التعامل مع عدد قليل جداً من عينات البيانات؟ هل من الممكن صنع نموذج منه؟,إذا كان هناك عدد قليل جدا من عينات البيانات، يمكننا الاستفادة من الإفراط في أخذ العينات لإنتاج نقاط بيانات جديدة. وبهذه الطريقة، يمكننا الحصول على نقاط بيانات جديدة.
What are the hyperparameters of an SVM?,"The gamma value, c value and the type of kernel are the hyperparameters of an SVM model.",ما هي المكافئات الفائقة لـ SVM؟,قيمة غاما، قيمة ج ونوع النواة هي المكافئات الفائقة لنموذج SVM.
What is Pandas Profiling?,Pandas profiling is a step to find the effective number of usable data. It gives us the statistics of NULL values and the usable values and thus makes variable selection and data selection for building models in the preprocessing phase very effective.,ما هو وصف بانداس؟,ويشكل تحديد سمات الباندا خطوة نحو العثور على عدد فعال من البيانات القابلة للاستخدام، وهو يعطينا إحصاءات قيم NULL والقيم القابلة للاستخدام، مما يجعل اختيار المتغيرات واختيار البيانات من أجل نماذج البناء في مرحلة التجهيز المسبق فعالة للغاية.
What impact does correlation have on PCA?,If data is correlated PCA does not work well. Because of the correlation of variables the effective variance of variables decreases. Hence correlated data when used for PCA does not work well.,ما تأثير الارتباط على الأنيسول الخماسي الكلور؟,وإذا كانت البيانات مترابطة لا تعمل بشكل جيد. وبسبب ارتباط المتغيرات فإن التباين الفعال للمتغيرات يقل. ومن ثم فإن البيانات المترابطة عند استخدامها بالنسبة للأنيسول الخماسي الكلور لا تعمل بشكل جيد.
How is PCA different from LDA?,PCA is unsupervised. LDA is unsupervised.,كيف يختلف الأنيسول الخماسي الكلور عن قانون مكافحة المخدرات؟,الأنيسول الخماسي الكلور غير مُراقَب و الـ (إل دي أي) غير مُراقَب
What distance metrics can be used in KNN?,Following distance metrics can be used in KNN.,ما هي مقاييس المسافة التي يمكن استخدامها في KNN؟,تتبع قياسات المسافة يمكن استخدامها في KNN.
Which metrics can be used to measure correlation of categorical data?,Chi square test can be used for doing so. It gives the measure of correlation between categorical predictors.,ما هي المقاييس التي يمكن استخدامها لقياس ارتباط البيانات القطعية؟,ويمكن استخدام اختبار تشي تربيعي للقيام بذلك، فهو يعطي مقياس الترابط بين التنبؤات القطعية.
Which algorithm can be used in value imputation in both categorical and continuous categories of data?,KNN is the only algorithm that can be used for imputation of both categorical and continuous variables.,ما هي الخوارزمية التي يمكن استخدامها في القيمة المفترضة في كل من فئات البيانات القطعية والمستمرة؟,KNN هي الخوارزمية الوحيدة التي يمكن استخدامها لإسناد المتغيرات القطعية والمستمرة على حد سواء.
When should ridge regression be preferred over lasso?,We should use ridge regression when we want to use all predictors and not remove any as it reduces the coefficient values but does not nullify them.,متى ينبغي تفضيل الانحدار على لاسو؟,ينبغي أن نستخدم ارتداد الارتفاعات عندما نريد استخدام جميع المتنبأات وعدم إزالة أي منها لأنها تقلل قيم المعامل ولكنها لا تبطلها.
Which algorithms can be used for important variable selection?,"Random Forest, Xgboost and plot variable importance charts can be used for variable selection.",ما هي الخوارزميات التي يمكن استخدامها لاختيار متغير مهم؟,يمكن استخدام الرسوم البيانية لـ اختيار متغير:::::::::::::::::::::::::::::::::::::::::::::::::::::::::::::::::::::::::::::::::::::::::::::::::::::::::::::::::::::::::::::::::::::::::::::::::::::::::::::::::::::::::::::::::::::::::::::::::::::::::::::::::::::::::::::::::::::::::::::::::::::::::::::::::::::::::::::::::::::::::::::::::::::::::::::::::::::::::::::::::::::::::::::::::::::::::::::::::::::::::::::::::::::::::::::::::::::::::::::::::::::::::::::::::::::::::::::::::::::::::::::::::::::::::::::::::::::::::::::::::::::::::::::::::::::
What ensemble technique is used by Random forests?,Bagging is the technique used by Random Forests. Random forests are a collection of trees which work on sampled data from the original dataset with the final prediction being a voted average of all trees.,ما هي تقنية الجمع التي تستخدمها الغابات العشوائية ؟,وغابات الشذوذ هي مجموعة من الأشجار التي تعمل على البيانات المأخوذة من مجموعة البيانات الأصلية مع التنبّؤ النهائي هو متوسط صوتي لجميع الأشجار.
What ensemble technique is used by gradient boosting trees?,Boosting is the technique used by GBM.,ما هي تقنية الجمع المستخدمة في تعزيز الأشجار بالتدرج؟,التعزيز هو التقنية المستخدمة من قبل GBM.
If we have a high bias error what does it mean? How to treat it?,High bias error means that that model we are using is ignoring all the important trends in the model and the model is underfitting.,اذا كان لدينا خطأ انحيازي عالي ماذا يعني؟ كيف نعالجه؟,والخطأ التحيزي العالي يعني أن ذلك النموذج الذي نستخدمه يتجاهل جميع الاتجاهات الهامة في النموذج والنموذج غير مناسب.
Which type of sampling is better for a classification model and why?,"Stratified sampling is better in case of classification problems because it takes into account the balance of classes in train and test sets. The proportion of classes is maintained and hence the model performs better. In case of random sampling of data, the data is divided into two parts without taking into consideration the balance classes in the train and test sets. Hence some classes might be present only in tarin sets or validation sets. Hence the results of the resulting model are poor in this case.",:: ما هو نوع العينات الأفضل لنموذج التصنيف ولماذا؟,إن أخذ العينات من الفئة الفنية أفضل في حالة مشاكل التصنيف لأنها تأخذ في الاعتبار توازن الفئات في مجموعات التدريب والاختبار، حيث تتم المحافظة على نسبة الفئات ومن ثم يؤدي النموذج أداء أفضل، وفي حالة أخذ البيانات عشوائياً، تقسم البيانات إلى جزأين دون أخذ فئات التوازن في مجموعات القطار والاختبار في الاعتبار، ومن ثم قد لا تكون بعض الفئات موجودة إلا في مجموعات القطران أو مجموعات التحقق، ومن ثم تكون نتائج النموذج الناتج سيئة في هذه الحالة.
What is a good metric for measuring the level of multicollinearity?,"VIF or 1tolerance is a good measure of measuring multicollinearity in models. VIF is the percentage of the variance of a predictor which remains unaffected by other predictors. So higher the VIF value, greater is the multicollinearity amongst the predictors.",ما هو القياس الجيد لقياس مستوى التعدد الخطي؟,VIF أو 1 هو مقياس جيد لقياس التعدد الخطي في النماذج. VIF هو النسبة المئوية لاختلاف المتنبأ الذي لا يزال غير متأثر بالتنبؤات الأخرى. لذلك أعلى قيمة VF، أكبر هي التعدد الخطي بين المتنبأات.
When can be a categorical value treated as a continuous variable and what effect does it have when done so?,A categorical predictor can be treated as a continuous one when the nature of data points it represents is ordinal. If the predictor variable is having ordinal data then it can be treated as continuous and its inclusion in the model increases the performance of the model.,متى يمكن أن تكون قيمة قطعية تُعامل كمتغير مستمر وما هو الأثر الذي تحدثه عندما تفعل ذلك؟,ويمكن معاملة التنبؤ القطعي على أنه مؤشر مستمر عندما تكون طبيعة نقاط البيانات التي يمثلها هي أوريدية. إذا كان متغير التنبؤ يحتوي على بيانات أو معدنية، فإنه يمكن أن يعامل على أنه مستمر وأن إدراجه في النموذج يزيد من أداء النموذج.
What is the role of maximum likelihood in logistic regression.?,Maximum likelihood equation helps in estimation of most probable values of the estimators predictor variable coefficients which produces results which are the most likely or most probable and are quite close to the truth values.,ما هو دور الاحتمال الأقصى في الانحدار السوقي؟,وتساعد معادلة الإحتمال الأقصى في تقدير معظم القيم المحتملة للمؤهلات التي يمكن التنبؤ بها أو المعاملات المتغيرة التي تنتج نتائج هي الأكثر احتمالاً أو احتمالاً وقريبة تماماً من قيم الحقيقة.
Which distance do we measure in the case of KNN?,The hamming distance is measured in case of KNN for the determination of nearest neighbours. Kmeans uses euclidean distance.,ما المسافة التي نقيسها في حالة KNN؟,وتقاس المسافة الراجمة في حالة KNN لتحديد أقرب الجيران.
What is a pipeline?,A pipeline is a sophisticated way of writing software such that each intended action while building a model can be serialized and the process calls the individual functions for the individual tasks. The tasks are carried out in sequence for a given sequence of data points and the entire process can be run onto n threads by use of composite estimators in scikit learn.,ما هو خط الأنابيب؟,خط الأنابيب هو طريقة متطورة لكتابة البرمجيات بحيث يمكن ترتيب كل عمل مزمع أثناء بناء نموذج، وتستدعي العملية المهام الفردية لكل مهمة على حدة. ويتم تنفيذ المهام على التوالي لتسلسل معين من نقاط البيانات ويمكن تشغيل العملية بأكملها على خيوط n باستخدام ميزات مركبة في تعلم Scikit.
Which sampling technique is most suitable when working with timeseries data?,We can use a custom iterative sampling such that we continuously add samples to the train set. We only should keep in mind that the sample used for validation should be added to the next train sets and a new sample is used for validation.,(ب) ما هي أكثر تقنيات أخذ العينات ملاءمة عند التعامل مع البيانات الزمنية؟,ويمكننا استخدام عينة تكرارية حسب الطلب بحيث نضيف باستمرار عينات إلى مجموعة القطار، ولا ينبغي لنا إلا أن نضع في اعتبارنا أن العينة المستخدمة للتحقق ينبغي أن تضاف إلى مجموعات القطارات التالية وأن تستخدم عينة جديدة للتحقق.
What are the benefits of pruning?,Pruning helps in the following,ما هي فوائد التقطيع ؟,يُسَدّ المساعدة في ما يلي
What is normal distribution?,The distribution having the below properties is called normal distribution.,ما هو التوزيع الطبيعي؟,التوزيع الذي يحتوي على الخواص السفلية يسمى التوزيع الطبيعي.
What is the 68 per cent rule in normal distribution?,The normal distribution is a bellshaped curve. Most of the data points are around the median. Hence approximately 68 per cent of the data is around the median. Since there is no skewness and its bellshaped.,ما هي قاعدة الـ 68 في المائة في التوزيع الطبيعي؟,التوزيع الطبيعي عبارة عن منحنى شكلي، ومعظم نقاط البيانات تدور حول المنتصف، وبالتالي فإن حوالي 68 في المائة من البيانات تدور حول المنتصف، وبما أنه لا يوجد أي انحراف أو شكل جرسه.
What is a chisquare test?,A chisquare determines if a sample data matches a population.,ما هو اختبار التعادل؟,تُحدد العينة ما إذا كانت بيانات العينة تطابق السكان.
What is a random variable?,A Random Variable is a set of possible values from a random experiment. Example Tossing a coin we could get Heads or Tails. Rolling of a dice we get 6 values,ما هو المتغير العشوائي؟,A عشوائي متغير a a a من a عشوائي تجربة مثل a a a a get أو تنفيذ من a من a من a من a من a
What is the degree of freedom?,It is the number of independent values or quantities which can be assigned to a statistical distribution. It is used in Hypothesis testing and chisquare test.,ما هي درجة الحرية؟,وهو عدد القيم أو الكميات المستقلة التي يمكن إسنادها إلى التوزيع الإحصائي، ويستخدم في اختبار الفهرسة الافتراضية واختبار الفكاهة.
Which kind of recommendation system is used by amazon to recommend similar items?,Amazon uses a collaborative filtering algorithm for the recommendation of similar items. Its a user to user similarity based mapping of user likeness and susceptibility to buy.,ما هو نوع نظام التوصيات الذي تستخدمه الأمازون للتوصية ببنود مماثلة؟,يستخدم الأمازون خوارزمية ترشيح تعاونية للتوصية ببنود متشابهة. وهو مستخدم للمستخدمين للتشابه على أساس تشابه رسم الخرائط لمشابهة المستخدم وقابلية الشراء.
What is a false positive?,It is a test result which wrongly indicates that a particular condition or attribute is present.,فما هو الإيجاب الزائف ؟,وهي نتيجة اختبار تدل خطأً على وجود حالة أو صفة معينة.
What is a false negative?,A test result which wrongly indicates that a particular condition or attribute is absent.,ما هو السلبي الزائف؟,(ب) نتيجة اختبار تشير خطأً إلى غياب حالة أو صفة معينة.
What is the error term composed of in regression?,Error is a sum of bias errorvariance error irreducible error in regression. Bias and variance error can be reduced but not the irreducible error.,ما هو مصطلح الخطأ المكون من في التراجع؟,خطأ هو a من مُحَافَل خطأ خطأ خطأ خطأ غير قابل للإلغاء خطأ في التّرتّب. Bias و مُتباين خطأ يمكن تقليله لكن ليس خطأ.
Which performance metric is better R2 or adjusted R2?,Adjusted R2 because the performance of predictors impacts it. R2 is independent of predictors and shows performance improvement through increase if the number of predictors is increased.,ما هو مقياس الأداء الأفضل R2 أم المعدل R2؟,R2 معدلة لأن أداء التنبؤات يؤثر عليها. R2 مستقلة عن التنبؤات وتظهر تحسناً في الأداء من خلال الزيادة في حالة زيادة عدد التنبؤات.
Whats the difference between Type I and Type II error?,"Type I and Type II error in machine learning refers to false values. Type I is equivalent to a False positive while Type II is equivalent to a False negative. In Type I error, a hypothesis which ought to be accepted doesnt get accepted. Similarly, for Type II error, the hypothesis gets rejected which should have been accepted in the first place.",ما الفرق بين الخطأ من النوع الأول والخطأ من النوع الثاني؟,النوع الأول والنوع الثاني في التعلم الآلي يشيران إلى قيم خاطئة. النوع الأول يعادل موجب خاطئ بينما النوع الثاني يعادل سالب خاطئ. في الخطأ من النوع الأول، فرضية يجب قبولها لا تقبل. وبالمثل، بالنسبة للخطأ من النوع الثاني، يتم رفض الافتراض الذي كان ينبغي قبوله في المقام الأول.
What do you understand by L1 and L2 regularization?,L2 regularization It tries to spread error among all the terms. L2 corresponds to a Gaussian prior.,ما الذي تفهمه من قبل L1 و L2؟,حاول أن ينشر الخطأ بين كل الشروط. L2 يتطابق مع a سابق.
"Which one is better, Naive Bayes Algorithm or Decision Trees?","Although it depends on the problem you are solving, but some general advantages are following",أيهما أفضل، (نايف بايز ألغوريثم) أم (أشجار القرار)؟,على الرغم من أنه يعتمد على المشكلة التي تحلها، ولكن بعض المزايا العامة تتبع
What do you mean by the ROC curve?,"Receiver operating characteristics (ROC curve) ROC curve illustrates the diagnostic ability of a binary classifier. It is calculatedcreated by plotting True Positive against False Positive at various threshold settings. The performance metric of ROC curve is AUC (area under curve). Higher the area under the curve, better the prediction power of the model.",ما الذي تعنيه بـ (روك) المنحنى؟,الدالة ROC هي AUC (المنطقة تحت المنحنى). أعلى المنطقة تحت المنحنى ، أفضل قوة التنبؤ للنموذج.
What do you mean by AUC curve?,"AUC (area under curve). Higher the area under the curve, better the prediction power of the model.",ماذا تعني بـ AUC منحنى؟,AUC (المنطقة تحت المنحنى) أعلى المنطقة تحت المنحنى، أفضل قوة التنبؤ للنموذج.
What is log likelihood in logistic regression?,"It is the sum of the likelihood residuals. At record level, the natural log of the error (residual) is calculated for each record, multiplied by minus one, and those values are totaled. That total is then used as the basis for deviance (2 x ll) and likelihood (exp(ll)).",ما هو الاحتمال المنطقي في الانحدار اللوجستي؟,في مستوى السجل، يحسب اللوغارتم الطبيعي للخطأ (residual) لكل سجل، مضروباً في سالب واحد، وتُجمع هذه القيم. ثم يُستخدم المجموع كأساس للانحراف (2 x l) والاحتمالات (Spart(ll)).
How would you evaluate a logistic regression model?,"Model Evaluation is a very important part in any analysis to answer the following questions,",فكيف تقيِّم نموذج الانحدار السوقي ؟,التقييم النموذجي هو جزء هام جداً في أي تحليل للإجابة على الأسئلة التالية:
What are the advantages of SVM algorithms?,SVM algorithms have basically advantages in terms of complexity. First I would like to clear that both Logistic regression as well as SVM can form non linear decision surfaces and can be coupled with the kernel trick. If Logistic regression can be coupled with kernel then why use SVM?,ما هي مزايا خوارزميات SVM؟,خوارزميات SVM لها مزايا أساسية من حيث التعقيد. أولاً أود أن أوضح أن كلاً من الانحدار اللوجيستي فضلاً عن SVM يمكن أن تشكل أسطحاً غير خطية لاتخاذ القرار ويمكن أن تقترن بخدعة النواة. إذا كان الانحدار اللوجيستي يمكن أن يقترن بنواة ثم لماذا استخدام SVM؟
Why does XGBoost perform better than SVM?,First reason is that XGBoos is an ensemble method that uses many trees to make a decision so it gains power by repeating itself.,لماذا يعمل إكس جي بي أوست أفضل من SVM؟,السبب الأول هو أن XGBoos هي طريقة الجمع التي تستخدم العديد من الأشجار لاتخاذ قرار حتى تحصل على القوة بتكرار نفسها.
What is the difference between SVM Rank and SVR (Support Vector Regression)?,One is used for ranking and the other is used for regression.,ما هو الفرق بين SVM Rank وSVR (انحسار مفاعل الدعم)؟,ويستخدم أحدهما للترتيب ويستخدم الآخر للتراجع.
What is the difference between the normal soft margin SVM and SVM with a linear kernel?,Hardmargin,ما هو الفرق بين هامش س.م (SVM) و س.م (SVM) العادي مع كرنل خطي؟,ليس مُ_
How is linear classifier relevant to SVM?,"An svm is a type of linear classifier. If you dont mess with kernels, its arguably the most simple type of linear classifier.",كيف يكون التصنيف الخطي ذا صلة بSVM؟,a svm هو a نوع من خطّي. إذا أنت لا تعبث مع kernells، هو يمكن القول النوع الأكثر بساطة من فصل.
What are the advantages of using a naive Bayes for classification?,Binomial Naive Bayes It assumes that all our features are binary such that they take only two values. Means 0s can represent word does not occur in the document and 1s as word occurs in the document.,ما هي مزايا استخدام بايز ساذج للتصنيف؟,تفترض أن جميع سماتنا ثنائية بحيث أنها تأخذ قيمتين فقط. يمكن أن تمثل 0s كلمة لا تحدث في المستند و 1s كما تحدث الكلمة في المستند.
Are Gaussian Naive Bayes the same as binomial Naive Bayes?,Binomial Naive Bayes It assumes that all our features are binary such that they take only two values. Means 0s can represent word does not occur in the document and 1s as word occurs in the document.,هل (غاوسيان نايف بايز) مثل (بايز) الثنائية؟,تفترض أن جميع سماتنا ثنائية بحيث أنها تأخذ قيمتين فقط. يمكن أن تمثل 0s كلمة لا تحدث في المستند و 1s كما تحدث الكلمة في المستند.
What is the difference between the Naive Bayes Classifier and the Bayes classifier?,"Naive Bayes assumes conditional independence, P(XY, Z)P(XZ)",ما الفرق بين مصنف نايف باييس و مصنف باييس؟,"ويفترض نايف باييس الاستقلال المشروط، P(XY, Z)P(XZ)"
In what real world applications is Naive Bayes classifier used?,Some of real world examples are as given below,في أي تطبيقات في العالم الحقيقي تستخدم نايف باييس تصنيفات؟,وفيما يلي بعض الأمثلة على العالم الحقيقي:
Is naive Bayes supervised or unsupervised?,"First, Naive Bayes is not one algorithm but a family of Algorithms that inherits the following attributes",هل (ساذج بايز) تحت الإشراف أم غير تحت الإشراف؟,أولاً، نايف باييس ليست خوارزمية واحدة ولكن عائلة من Algoriththms التي ترث الصفات التالية
What do you understand by selection bias in Machine Learning?,"Selection bias stands for the bias which was introduced by the selection of individuals, groups or data for doing analysis in a way that the proper randomization is not achieved. It ensures that the sample obtained is not representative of the population intended to be analyzed and sometimes it is referred to as the selection effect. This is the part of distortion of a statistical analysis which results from the method of collecting samples. If you dont take the selection bias into the account then some conclusions of the study may not be accurate.",ماذا تفهم بالانتقائية الانحياز في تعلّم الآلات ؟,والتحيز في الاختيار يشير إلى التحيز الذي أدخله اختيار الأفراد أو المجموعات أو البيانات لإجراء التحليل بطريقة لا تتحقق فيها العشوائية الصحيحة، ويكفل أن العينة التي تم الحصول عليها ليست ممثلة للسكان المراد تحليلها وأحيانا يشار إليها باسم أثر الاختيار، وهذا هو جزء تشويه التحليل الإحصائي الذي ينتج عن طريقة جمع العينات، وإذا لم تأخذ تحيز الاختيار في الاعتبار، فإن بعض استنتاجات الدراسة قد لا تكون دقيقة.
What do you understand by Precision and Recall?,"In pattern recognition, The information retrieval and classification in machine learning are part of precision. It is also called as positive predictive value which is the fraction of relevant instances among the retrieved instances.",ما الذي تفهمه بالدقّة والتذكير ؟,وفي الاعتراف بالنمط، يعتبر استرجاع المعلومات وتصنيفها في التعلم الآلي جزءا من الدقة، ويسمى أيضا قيمة تنبؤية إيجابية هي جزء من الحالات ذات الصلة فيما بين الحالات المسترجعة.
What Are the Three Stages of Building a Model in Machine Learning?,"To build a model in machine learning, you need to follow few steps",ما هي المراحل الثلاث لبناء نموذج في التعلُّم بالآلات ؟,لبناء نموذج في التعلم الآلي، تحتاج إلى اتباع خطوات قليلة
How Do You Design an Email Spam Filter in Machine Learning?,"The information gain is based on the decrease in entropy after a dataset is split on an attribute. Constructing a decision tree is all about finding the attribute that returns the highest information gain (i.e., the most homogeneous branches). Step 1 Calculate entropy of the target.",كيف تصمم بريدا الكترونيا سَبِّق في تعلُّم الألة ؟,يعتمد مكسب المعلومات على الانخفاض في entropy بعد قسمة مجموعة البيانات على خاصية. التركيب شجرة القرار هو كل شيء عن إيجاد الخاصية التي ترجع أكبر مكسب للمعلومات (أي أكثر الفروع تجانساً). الخطوة 1 calize entropy من الهدف.
What is the difference between Entropy and Information Gain?,"The information gain is based on the decrease in entropy after a dataset is split on an attribute. Constructing a decision tree is all about finding the attribute that returns the highest information gain (i.e., the most homogeneous branches). Step 1 Calculate entropy of the target.",ما هو الفرق بين الانتروپيا وحصائل المعلومات ؟,يعتمد مكسب المعلومات على الانخفاض في entropy بعد قسمة مجموعة البيانات على خاصية. التركيب شجرة القرار هو كل شيء عن إيجاد الخاصية التي ترجع أكبر مكسب للمعلومات (أي أكثر الفروع تجانساً). الخطوة 1 calize entropy من الهدف.
What are collinearity and multicollinearity?,Collinearity is a linear association between two predictors. Multicollinearity is a situation where two or more predictors are highly linearly related.,ما هي خط التلوين و التعدد التعددي؟,والخطية المائلة هي ارتباط خطي بين تنبؤين، والخطية المتعددة الخطوط هي حالة يكون فيها التكهنان أو أكثر مرتبطين بشكل خطي إلى حد كبير.
What is Kernel SVM?,SVM algorithms have basically advantages in terms of complexity. First I would like to clear that both Logistic regression as well as SVM can form non linear decision surfaces and can be coupled with the kernel trick. If Logistic regression can be coupled with kernel then why use SVM?,ما هو كيرنيل SVM؟,خوارزميات SVM لها مزايا أساسية من حيث التعقيد. أولاً أود أن أوضح أن كلاً من الانحدار اللوجيستي فضلاً عن SVM يمكن أن تشكل أسطحاً غير خطية لاتخاذ القرار ويمكن أن تقترن بخدعة النواة. إذا كان الانحدار اللوجيستي يمكن أن يقترن بنواة ثم لماذا استخدام SVM؟
What is the process of carrying out a linear regression?,Linear Regression Analysis consists of more than just fitting a linear line through a cloud of data points. It consists of 3 stages,ما هي عملية تنفيذ التراجع الخطي؟,تحليل الخلفية الخطي يتكون من أكثر من مجرد تثبيت خط خطي عبر سحابة من نقاط البيانات. يتكون من 3 مراحل.
How do I start a career in machine learning?,"There is no fixed or definitive guide through which you can start your machine learning career. The first step is to understand the basic principles of the subject and learn a few key concepts such as algorithms and data structures, coding capabilities, calculus, linear algebra, statistics. For better data analysis, You should have clear understanding of statistics for Machine Learning. The next step would be to take up an ML course or read the top books for selflearning. You can also work on projects to get a handson experience.",كيف أبدأ مهنة في تعلم الآلات؟,لا يوجد دليل ثابت أو نهائي يمكنك من خلاله البدء بوظيفتك التعليمية الآلية، الخطوة الأولى هي فهم المبادئ الأساسية للموضوع وتعلم بعض المفاهيم الرئيسية مثل الخوارزميات وهياكل البيانات، وقدرات الترميز، والحساب، والجبر الخطي، والإحصاءات. من أجل تحليل البيانات بشكل أفضل، يجب أن يكون لديك فهم واضح لإحصاءات التعلم الآلي. الخطوة التالية هي أخذ دورة ML أو قراءة الكتب العليا للتعلم الذاتي. يمكنك أيضاً العمل على مشاريع للحصول على خبرة عملية.
What is the best way to learn machine learning?,"Any way that suits your style of learning can be considered as the best way to learn. Different people may enjoy different methods. Some of the common ways would be through taking up basics of machine learning course for free, watching YouTube videos, reading blogs with relevant topics, read books which can help you selflearn.",ما هي أفضل طريقة لتعلّم تعلّم الآلات؟,أي طريقة تناسب أسلوبك في التعلم يمكن اعتبارها أفضل طريقة للتعلم. قد يتمتع الناس المختلفون بأساليب مختلفة. بعض الطرق المشتركة سوف تكون من خلال الأخذ بأسس دورة التعلم الآلي مجاناً، مشاهدة الفيديو على يوتيوب، قراءة المدونات مع المواضيع ذات الصلة، قراءة الكتب التي يمكن أن تساعدك على التعلم الذاتي.
What degree do you need for machine learning?,Most hiring companies will look for a masters or doctoral degree in the relevant domain. The field of study includes computer science or mathematics. But having the necessary skills even without the degree can help you land a ML job too.,ما هي الدرجة التي تحتاجها للتعلم الآلي؟,معظم شركات التوظيف سوف تبحث عن درجة الماجستير أو الدكتوراه في المجال ذي الصلة. مجال الدراسة يتضمن علوم الحاسوب أو الرياضيات. ولكن الحصول على المهارات الضرورية حتى من دون درجة يمكن أن يساعدك على الحصول على وظيفة ML أيضا.
How do you break into machine learning?,"The most common way to get into a machine learning career is to acquire the necessary skills. Learn programming languages such as C, C, Python, and Java. Gain basic knowledge about various ML algorithms, mathematical knowledge about calculus and statistics. This will help you go a long way.",كيف تقتحم مجال التعلم الآلي؟,"الطريقة الأكثر شيوعاً للدخول في مهنة تعلم الآلات هي اكتساب المهارات الضرورية. تعلم لغات البرمجة مثل C, C, Python, and Java. اكتساب المعرفة الأساسية عن خوارزميات ML المختلفة، المعرفة الرياضية عن التفاضل والتكامل والإحصاءات. هذا سيساعدك على قطع شوط طويل."
How difficult is machine learning?,"Machine Learning is a vast concept that contains a lot different aspects. With the right guidance and with consistent hardwork, it may not be very difficult to learn. It definitely requires a lot of time and effort, but if youre interested in the subject and are willing to learn, it wont be too difficult.",ما مدى صعوبة التعلم الآلي؟,إن التعلم الآلي مفهوم واسع يتضمن جوانب مختلفة كثيرة. فمع التوجيه الصحيح والعمل الشاق المتسق، قد لا يكون من الصعب تعلمه. إنه بالتأكيد يتطلب الكثير من الوقت والجهد، ولكن إذا كنت مهتماً بالموضوع وراغباً في التعلم، فلن يكون صعباً للغاية.
What is machine learning for beginners?,"Machine Learning for beginners will consist of the basic concepts such as types of Machine Learning (Supervised, Unsupervised, Reinforcement Learning). Each of these types of ML have different algorithms and libraries within them, such as, Classification and Regression. There are various classification algorithms and regression algorithms such as Linear Regression. This would be the first thing you will learn before moving ahead with other concepts.",ما هو التعلم الآلي للمبتدئين؟,التعلم الآلي للمبتدئين سوف يتألف من المفاهيم الأساسية مثل أنواع التعلم الآلي (المشرف، غير المراقب، التعلم التعزيزي). كل نوع من هذه الأنواع من ML لديها خوارزميات ومكتبات مختلفة داخلها، مثل التصنيف والتراجع. هناك مختلف خوارزميات التصنيف و خوارزميات التراجع مثل التراجع الخطي. هذا سيكون أول شيء سوف تتعلمه قبل المضي قدماً مع مفاهيم أخرى.
What level of math is required for machine learning?,"You will need to know statistical concepts, linear algebra, probability, Multivariate Calculus, Optimization. As you go into the more indepth concepts of ML, you will need more knowledge regarding these topics.",ما هو مستوى الرياضيات المطلوب للتعلم الآلي؟,تحتاج إلى معرفة المفاهيم الإحصائية، الجبر الخطي، الإحتمال، حساب التفاضل، التكفيف. كما تدخل في المفاهيم الأكثر تعمقاً من ML، ستحتاج إلى المزيد من المعرفة فيما يتعلق بهذه المواضيع.
Does machine learning require coding?,Programming is a part of Machine Learning. It is important to know programming languages such as Python.,هل يتطلب التعلم الآلي الترميز؟,فالبرمجة جزء من التعلم الآلي، ومن المهم معرفة لغات البرمجة مثل لغة بايثون.
